Stock Code/Name,Recommendation Date,Target 1,Target 2,Buy Price Recommendation,Highest Price,Hit Target 1,Hit Target 2,Target 1 Return %,Target 2 Return %,Date 1,Day 1 Price,Day 1 Return %,Date 2,Day 2 Price,Day 2 Return %,Date 3,Day 3 Price,Day 3 Return %,Date 4,Day 4 Price,Day 4 Return %,Date 5,Day 5 Price,Day 5 Return %,Date 6,Day 6 Price,Day 6 Return %,Date 7,Day 7 Price,Day 7 Return %,Date 8,Day 8 Price,Day 8 Return %,Date 9,Day 9 Price,Day 9 Return %,Date 10,Day 10 Price,Day 10 Return %,Date 11,Day 11 Price,Day 11 Return %,Date 12,Day 12 Price,Day 12 Return %,Date 13,Day 13 Price,Day 13 Return %,Date 14,Day 14 Price,Day 14 Return %,Date 15,Day 15 Price,Day 15 Return %,Date 16,Day 16 Price,Day 16 Return %,Date 17,Day 17 Price,Day 17 Return %,Date 18,Day 18 Price,Day 18 Return %,Date 19,Day 19 Price,Day 19 Return %,Date 20,Day 20 Price,Day 20 Return %,Date 21,Day 21 Price,Day 21 Return %,Date 22,Day 22 Price,Day 22 Return %,Date 23,Day 23 Price,Day 23 Return %,Date 24,Day 24 Price,Day 24 Return %,Date 25,Day 25 Price,Day 25 Return %,Date 26,Day 26 Price,Day 26 Return %,Date 27,Day 27 Price,Day 27 Return %,Date 28,Day 28 Price,Day 28 Return %,Date 29,Day 29 Price,Day 29 Return %,Date 30,Day 30 Price,Day 30 Return %,Date 31,Day 31 Price,Day 31 Return %,Date 32,Day 32 Price,Day 32 Return %,Date 33,Day 33 Price,Day 33 Return %,Date 34,Day 34 Price,Day 34 Return %,Date 35,Day 35 Price,Day 35 Return %,Date 36,Day 36 Price,Day 36 Return %,Date 37,Day 37 Price,Day 37 Return %,Date 38,Day 38 Price,Day 38 Return %,Date 39,Day 39 Price,Day 39 Return %,Date 40,Day 40 Price,Day 40 Return %,Date 41,Day 41 Price,Day 41 Return %,Date 42,Day 42 Price,Day 42 Return %,Date 43,Day 43 Price,Day 43 Return %,Date 44,Day 44 Price,Day 44 Return %,Date 45,Day 45 Price,Day 45 Return %,Date 46,Day 46 Price,Day 46 Return %,Date 47,Day 47 Price,Day 47 Return %,Date 48,Day 48 Price,Day 48 Return %,Date 49,Day 49 Price,Day 49 Return %,Date 50,Day 50 Price,Day 50 Return %,Date 51,Day 51 Price,Day 51 Return %,Date 52,Day 52 Price,Day 52 Return %,Date 53,Day 53 Price,Day 53 Return %,Date 54,Day 54 Price,Day 54 Return %,Date 55,Day 55 Price,Day 55 Return %,Date 56,Day 56 Price,Day 56 Return %,Date 57,Day 57 Price,Day 57 Return %,Date 58,Day 58 Price,Day 58 Return %,Date 59,Day 59 Price,Day 59 Return %,Date 60,Day 60 Price,Day 60 Return %,Date 61,Day 61 Price,Day 61 Return %,Date 62,Day 62 Price,Day 62 Return %,Date 63,Day 63 Price,Day 63 Return %,Date 64,Day 64 Price,Day 64 Return %,Date 65,Day 65 Price,Day 65 Return %,Date 66,Day 66 Price,Day 66 Return %,Date 67,Day 67 Price,Day 67 Return %,Date 68,Day 68 Price,Day 68 Return %,Date 69,Day 69 Price,Day 69 Return %,Date 70,Day 70 Price,Day 70 Return %,Date 71,Day 71 Price,Day 71 Return %,Date 72,Day 72 Price,Day 72 Return %,Date 73,Day 73 Price,Day 73 Return %,Date 74,Day 74 Price,Day 74 Return %,Date 75,Day 75 Price,Day 75 Return %,Date 76,Day 76 Price,Day 76 Return %,Date 77,Day 77 Price,Day 77 Return %,Date 78,Day 78 Price,Day 78 Return %,Date 79,Day 79 Price,Day 79 Return %,Date 80,Day 80 Price,Day 80 Return %,Date 81,Day 81 Price,Day 81 Return %,Date 82,Day 82 Price,Day 82 Return %,Date 83,Day 83 Price,Day 83 Return %,Date 84,Day 84 Price,Day 84 Return %,Date 85,Day 85 Price,Day 85 Return %,Date 86,Day 86 Price,Day 86 Return %,Date 87,Day 87 Price,Day 87 Return %,Date 88,Day 88 Price,Day 88 Return %,Date 89,Day 89 Price,Day 89 Return %,Date 90,Day 90 Price,Day 90 Return %,Date 91,Day 91 Price,Day 91 Return %,Date 92,Day 92 Price,Day 92 Return %,Date 93,Day 93 Price,Day 93 Return %,Date 94,Day 94 Price,Day 94 Return %,Date 95,Day 95 Price,Day 95 Return %,Date 96,Day 96 Price,Day 96 Return %,Date 97,Day 97 Price,Day 97 Return %,Date 98,Day 98 Price,Day 98 Return %,Date 99,Day 99 Price,Day 99 Return %,Date 100,Day 100 Price,Day 100 Return %,Date 101,Day 101 Price,Day 101 Return %,Date 102,Day 102 Price,Day 102 Return %,Date 103,Day 103 Price,Day 103 Return %,Date 104,Day 104 Price,Day 104 Return %,Date 105,Day 105 Price,Day 105 Return %,Date 106,Day 106 Price,Day 106 Return %,Date 107,Day 107 Price,Day 107 Return %,Date 108,Day 108 Price,Day 108 Return %,Date 109,Day 109 Price,Day 109 Return %,Date 110,Day 110 Price,Day 110 Return %,Date 111,Day 111 Price,Day 111 Return %,Date 112,Day 112 Price,Day 112 Return %,Date 113,Day 113 Price,Day 113 Return %,Date 114,Day 114 Price,Day 114 Return %,Date 115,Day 115 Price,Day 115 Return %,Date 116,Day 116 Price,Day 116 Return %,Date 117,Day 117 Price,Day 117 Return %,Date 118,Day 118 Price,Day 118 Return %,Date 119,Day 119 Price,Day 119 Return %,Date 120,Day 120 Price,Day 120 Return %,Date 121,Day 121 Price,Day 121 Return %,Date 122,Day 122 Price,Day 122 Return %,Date 123,Day 123 Price,Day 123 Return %,Date 124,Day 124 Price,Day 124 Return %,Date 125,Day 125 Price,Day 125 Return %,Date 126,Day 126 Price,Day 126 Return %,Date 127,Day 127 Price,Day 127 Return %,Date 128,Day 128 Price,Day 128 Return %,Date 129,Day 129 Price,Day 129 Return %,Date 130,Day 130 Price,Day 130 Return %,Date 131,Day 131 Price,Day 131 Return %,Date 132,Day 132 Price,Day 132 Return %,Date 133,Day 133 Price,Day 133 Return %,Date 134,Day 134 Price,Day 134 Return %,Date 135,Day 135 Price,Day 135 Return %,Date 136,Day 136 Price,Day 136 Return %,Date 137,Day 137 Price,Day 137 Return %,Date 138,Day 138 Price,Day 138 Return %,Date 139,Day 139 Price,Day 139 Return %,Date 140,Day 140 Price,Day 140 Return %,Date 141,Day 141 Price,Day 141 Return %,Date 142,Day 142 Price,Day 142 Return %,Date 143,Day 143 Price,Day 143 Return %,Date 144,Day 144 Price,Day 144 Return %,Date 145,Day 145 Price,Day 145 Return %,Date 146,Day 146 Price,Day 146 Return %,Date 147,Day 147 Price,Day 147 Return %,Date 148,Day 148 Price,Day 148 Return %,Date 149,Day 149 Price,Day 149 Return %,Date 150,Day 150 Price,Day 150 Return %,Date 151,Day 151 Price,Day 151 Return %,Date 152,Day 152 Price,Day 152 Return %,Date 153,Day 153 Price,Day 153 Return %,Date 154,Day 154 Price,Day 154 Return %,Date 155,Day 155 Price,Day 155 Return %,Date 156,Day 156 Price,Day 156 Return %,Date 157,Day 157 Price,Day 157 Return %,Date 158,Day 158 Price,Day 158 Return %,Date 159,Day 159 Price,Day 159 Return %,Date 160,Day 160 Price,Day 160 Return %,Date 161,Day 161 Price,Day 161 Return %,Date 162,Day 162 Price,Day 162 Return %,Date 163,Day 163 Price,Day 163 Return %,Date 164,Day 164 Price,Day 164 Return %,Date 165,Day 165 Price,Day 165 Return %,Date 166,Day 166 Price,Day 166 Return %,Date 167,Day 167 Price,Day 167 Return %,Date 168,Day 168 Price,Day 168 Return %,Date 169,Day 169 Price,Day 169 Return %,Date 170,Day 170 Price,Day 170 Return %,Date 171,Day 171 Price,Day 171 Return %,Date 172,Day 172 Price,Day 172 Return %,Date 173,Day 173 Price,Day 173 Return %,Date 174,Day 174 Price,Day 174 Return %,Date 175,Day 175 Price,Day 175 Return %,Date 176,Day 176 Price,Day 176 Return %,Date 177,Day 177 Price,Day 177 Return %,Date 178,Day 178 Price,Day 178 Return %,Date 179,Day 179 Price,Day 179 Return %,Date 180,Day 180 Price,Day 180 Return %,Date 181,Day 181 Price,Day 181 Return %,Date 182,Day 182 Price,Day 182 Return %,Date 183,Day 183 Price,Day 183 Return %,Date 184,Day 184 Price,Day 184 Return %,Date 185,Day 185 Price,Day 185 Return %,Date 186,Day 186 Price,Day 186 Return %,Date 187,Day 187 Price,Day 187 Return %,Date 188,Day 188 Price,Day 188 Return %,Date 189,Day 189 Price,Day 189 Return %,Date 190,Day 190 Price,Day 190 Return %,Date 191,Day 191 Price,Day 191 Return %,Date 192,Day 192 Price,Day 192 Return %,Date 193,Day 193 Price,Day 193 Return %,Date 194,Day 194 Price,Day 194 Return %,Date 195,Day 195 Price,Day 195 Return %,Date 196,Day 196 Price,Day 196 Return %,Date 197,Day 197 Price,Day 197 Return %,Date 198,Day 198 Price,Day 198 Return %,Date 199,Day 199 Price,Day 199 Return %,Date 200,Day 200 Price,Day 200 Return %,Date 201,Day 201 Price,Day 201 Return %,Date 202,Day 202 Price,Day 202 Return %,Date 203,Day 203 Price,Day 203 Return %,Date 204,Day 204 Price,Day 204 Return %,Date 205,Day 205 Price,Day 205 Return %,Date 206,Day 206 Price,Day 206 Return %,Date 207,Day 207 Price,Day 207 Return %,Date 208,Day 208 Price,Day 208 Return %,Date 209,Day 209 Price,Day 209 Return %,Date 210,Day 210 Price,Day 210 Return %,Date 211,Day 211 Price,Day 211 Return %,Date 212,Day 212 Price,Day 212 Return %,Date 213,Day 213 Price,Day 213 Return %,Date 214,Day 214 Price,Day 214 Return %,Date 215,Day 215 Price,Day 215 Return %,Date 216,Day 216 Price,Day 216 Return %,Date 217,Day 217 Price,Day 217 Return %,Date 218,Day 218 Price,Day 218 Return %,Date 219,Day 219 Price,Day 219 Return %,Date 220,Day 220 Price,Day 220 Return %,Date 221,Day 221 Price,Day 221 Return %,Date 222,Day 222 Price,Day 222 Return %,Date 223,Day 223 Price,Day 223 Return %,Date 224,Day 224 Price,Day 224 Return %,Date 225,Day 225 Price,Day 225 Return %,Date 226,Day 226 Price,Day 226 Return %,Date 227,Day 227 Price,Day 227 Return %,Date 228,Day 228 Price,Day 228 Return %,Date 229,Day 229 Price,Day 229 Return %,Date 230,Day 230 Price,Day 230 Return %,Date 231,Day 231 Price,Day 231 Return %,Date 232,Day 232 Price,Day 232 Return %,Date 233,Day 233 Price,Day 233 Return %,Date 234,Day 234 Price,Day 234 Return %,Date 235,Day 235 Price,Day 235 Return %,Date 236,Day 236 Price,Day 236 Return %,Date 237,Day 237 Price,Day 237 Return %,Date 238,Day 238 Price,Day 238 Return %,Date 239,Day 239 Price,Day 239 Return %,Date 240,Day 240 Price,Day 240 Return %,Date 241,Day 241 Price,Day 241 Return %,Date 242,Day 242 Price,Day 242 Return %,Date 243,Day 243 Price,Day 243 Return %,Date 244,Day 244 Price,Day 244 Return %,Date 245,Day 245 Price,Day 245 Return %,Date 246,Day 246 Price,Day 246 Return %,Date 247,Day 247 Price,Day 247 Return %,Date 248,Day 248 Price,Day 248 Return %,Date 249,Day 249 Price,Day 249 Return %,Date 250,Day 250 Price,Day 250 Return %,Date 251,Day 251 Price,Day 251 Return %,Date 252,Day 252 Price,Day 252 Return %
ACMESOLAR.NS,2026-06-03,380.0000,395.0000,327.32,398.1500,TRUE,TRUE,16.09%,20.68%,2026-06-03,329.0500,0.53%,2026-06-04,345.8500,5.66%,2026-06-05,356.6500,8.96%,2026-06-08,352.2500,7.62%,2026-06-09,348.7000,6.53%,2026-06-10,336.9000,2.93%,2026-06-11,334.4500,2.18%,2026-06-12,335.7500,2.58%,2026-06-15,347.2500,6.09%,2026-06-16,339.6500,3.77%,2026-06-17,331.8000,1.37%,2026-06-18,331.9000,1.40%,2026-06-19,337.6500,3.16%,2026-06-22,349.8500,6.88%,2026-06-23,351.3000,7.33%,2026-06-24,359.3000,9.77%,2026-06-25,357.2000,9.13%,2026-06-26,357.2000,9.13%,2026-06-29,379.2500,15.87%,2026-06-30,380.5500,16.26%,2026-07-01,390.8000,19.39%,2026-07-02,393.2500,20.14%,2026-07-03,383.2500,17.09%,,,,,,,,,,,,,,,,,,,,,,,,,,,,,,,,,,,,,,,,,,,,,,,,,,,,,,,,,,,,,,,,,,,,,,,,,,,,,,,,,,,,,,,,,,,,,,,,,,,,,,,,,,,,,,,,,,,,,,,,,,,,,,,,,,,,,,,,,,,,,,,,,,,,,,,,,,,,,,,,,,,,,,,,,,,,,,,,,,,,,,,,,,,,,,,,,,,,,,,,,,,,,,,,,,,,,,,,,,,,,,,,,,,,,,,,,,,,,,,,,,,,,,,,,,,,,,,,,,,,,,,,,,,,,,,,,,,,,,,,,,,,,,,,,,,,,,,,,,,,,,,,,,,,,,,,,,,,,,,,,,,,,,,,,,,,,,,,,,,,,,,,,,,,,,,,,,,,,,,,,,,,,,,,,,,,,,,,,,,,,,,,,,,,,,,,,,,,,,,,,,,,,,,,,,,,,,,,,,,,,,,,,,,,,,,,,,,,,,,,,,,,,,,,,,,,,,,,,,,,,,,,,,,,,,,,,,,,,,,,,,,,,,,,,,,,,,,,,,,,,,,,,,,,,,,,,,,,,,,,,,,,,,,,,,,,,,,,,,,,,,,,,,,,,,,,,,,,,,,,,,,,,,,,,,,,,,,,,,,,,,,,,,,,,,,,,,,,,,,,,,,,,,,,,,,,,,,,,,,,,,,,,,,,,,,,,,,,,,,,,,,,,,,,,,,,,,,,,,,,,,,,,,,,,,,,,,,,,,,,,,,,,,,
ACUTAAS.NS,2026-05-04,2700.0000,2767.0000,2680,3184.9000,TRUE,TRUE,0.75%,3.25%,2026-05-04,2676.3999,-0.13%,2026-05-05,2656.7000,-0.87%,2026-05-06,2685.8000,0.22%,2026-05-07,2725.7000,1.71%,2026-05-08,2734.3000,2.03%,2026-05-11,2810.3000,4.86%,2026-05-12,2742.2000,2.32%,2026-05-13,2827.8000,5.51%,2026-05-14,2726.8000,1.75%,2026-05-15,2731.0000,1.90%,2026-05-18,2799.1001,4.44%,2026-05-19,2886.5000,7.71%,2026-05-20,2880.6001,7.49%,2026-05-21,3000.3999,11.96%,2026-05-22,2951.2000,10.12%,2026-05-25,2923.8000,9.10%,2026-05-26,3034.8000,13.24%,2026-05-27,3000.6001,11.96%,2026-05-29,3132.5000,16.88%,,,,,,,,,,,,,,,,,,,,,,,,,,,,,,,,,,,,,,,,,,,,,,,,,,,,,,,,,,,,,,,,,,,,,,,,,,,,,,,,,,,,,,,,,,,,,,,,,,,,,,,,,,,,,,,,,,,,,,,,,,,,,,,,,,,,,,,,,,,,,,,,,,,,,,,,,,,,,,,,,,,,,,,,,,,,,,,,,,,,,,,,,,,,,,,,,,,,,,,,,,,,,,,,,,,,,,,,,,,,,,,,,,,,,,,,,,,,,,,,,,,,,,,,,,,,,,,,,,,,,,,,,,,,,,,,,,,,,,,,,,,,,,,,,,,,,,,,,,,,,,,,,,,,,,,,,,,,,,,,,,,,,,,,,,,,,,,,,,,,,,,,,,,,,,,,,,,,,,,,,,,,,,,,,,,,,,,,,,,,,,,,,,,,,,,,,,,,,,,,,,,,,,,,,,,,,,,,,,,,,,,,,,,,,,,,,,,,,,,,,,,,,,,,,,,,,,,,,,,,,,,,,,,,,,,,,,,,,,,,,,,,,,,,,,,,,,,,,,,,,,,,,,,,,,,,,,,,,,,,,,,,,,,,,,,,,,,,,,,,,,,,,,,,,,,,,,,,,,,,,,,,,,,,,,,,,,,,,,,,,,,,,,,,,,,,,,,,,,,,,,,,,,,,,,,,,,,,,,,,,,,,,,,,,,,,,,,,,,,,,,,,,,,,,,,,,,,,,,,,,,,,,,,,,,,,,,,,,,,,,,,,,,,,,,,,,,,,,,,
ADANIENSOL.NS,2026-07-08,1750.0000,1800.0000,1658.73,1713.9000,FALSE,FALSE,5.50%,8.52%,2026-07-08,1655.5000,-0.19%,2026-07-09,1618.5000,-2.43%,2026-07-10,1654.0000,-0.29%,2026-07-13,1644.6000,-0.85%,2026-07-14,1690.3000,1.90%,2026-07-15,1678.0000,1.16%,,,,,,,,,,,,,,,,,,,,,,,,,,,,,,,,,,,,,,,,,,,,,,,,,,,,,,,,,,,,,,,,,,,,,,,,,,,,,,,,,,,,,,,,,,,,,,,,,,,,,,,,,,,,,,,,,,,,,,,,,,,,,,,,,,,,,,,,,,,,,,,,,,,,,,,,,,,,,,,,,,,,,,,,,,,,,,,,,,,,,,,,,,,,,,,,,,,,,,,,,,,,,,,,,,,,,,,,,,,,,,,,,,,,,,,,,,,,,,,,,,,,,,,,,,,,,,,,,,,,,,,,,,,,,,,,,,,,,,,,,,,,,,,,,,,,,,,,,,,,,,,,,,,,,,,,,,,,,,,,,,,,,,,,,,,,,,,,,,,,,,,,,,,,,,,,,,,,,,,,,,,,,,,,,,,,,,,,,,,,,,,,,,,,,,,,,,,,,,,,,,,,,,,,,,,,,,,,,,,,,,,,,,,,,,,,,,,,,,,,,,,,,,,,,,,,,,,,,,,,,,,,,,,,,,,,,,,,,,,,,,,,,,,,,,,,,,,,,,,,,,,,,,,,,,,,,,,,,,,,,,,,,,,,,,,,,,,,,,,,,,,,,,,,,,,,,,,,,,,,,,,,,,,,,,,,,,,,,,,,,,,,,,,,,,,,,,,,,,,,,,,,,,,,,,,,,,,,,,,,,,,,,,,,,,,,,,,,,,,,,,,,,,,,,,,,,,,,,,,,,,,,,,,,,,,,,,,,,,,,,,,,,,,,,,,,,,,,,,,,,,,,,,,,,,,,,,,,,,,,,,,,,,,,,,,,,,,,,,
AEROFLEX.NS,2026-05-20,450.0000,470.0000,402,518.8500,TRUE,TRUE,11.94%,16.92%,2026-05-20,391.0500,-2.72%,2026-05-21,379.9500,-5.49%,2026-05-22,403.0500,0.26%,2026-05-25,414.3500,3.07%,2026-05-26,403.2000,0.30%,2026-05-27,407.4000,1.34%,2026-05-28,407.4000,1.34%,2026-05-29,401.4000,-0.15%,2026-06-01,388.3500,-3.40%,2026-06-02,419.4500,4.34%,2026-06-03,434.4000,8.06%,2026-06-04,439.4000,9.30%,2026-06-05,419.7500,4.42%,2026-06-08,399.0000,-0.75%,2026-06-09,425.7000,5.90%,2026-06-10,414.1000,3.01%,2026-06-11,408.5500,1.63%,2026-06-12,448.1000,11.47%,2026-06-15,478.0000,18.91%,2026-06-16,471.7000,17.34%,2026-06-17,510.9000,27.09%,,,,,,,,,,,,,,,,,,,,,,,,,,,,,,,,,,,,,,,,,,,,,,,,,,,,,,,,,,,,,,,,,,,,,,,,,,,,,,,,,,,,,,,,,,,,,,,,,,,,,,,,,,,,,,,,,,,,,,,,,,,,,,,,,,,,,,,,,,,,,,,,,,,,,,,,,,,,,,,,,,,,,,,,,,,,,,,,,,,,,,,,,,,,,,,,,,,,,,,,,,,,,,,,,,,,,,,,,,,,,,,,,,,,,,,,,,,,,,,,,,,,,,,,,,,,,,,,,,,,,,,,,,,,,,,,,,,,,,,,,,,,,,,,,,,,,,,,,,,,,,,,,,,,,,,,,,,,,,,,,,,,,,,,,,,,,,,,,,,,,,,,,,,,,,,,,,,,,,,,,,,,,,,,,,,,,,,,,,,,,,,,,,,,,,,,,,,,,,,,,,,,,,,,,,,,,,,,,,,,,,,,,,,,,,,,,,,,,,,,,,,,,,,,,,,,,,,,,,,,,,,,,,,,,,,,,,,,,,,,,,,,,,,,,,,,,,,,,,,,,,,,,,,,,,,,,,,,,,,,,,,,,,,,,,,,,,,,,,,,,,,,,,,,,,,,,,,,,,,,,,,,,,,,,,,,,,,,,,,,,,,,,,,,,,,,,,,,,,,,,,,,,,,,,,,,,,,,,,,,,,,,,,,,,,,,,,,,,,,,,,,,,,,,,,,,,,,,,,,,,,,,,,,,,,,,,,,,,,,,,,,,,,,,,,,,,
ANGELONE.NS,2026-05-08,353.0000,356.0000,325.65,360.4500,TRUE,TRUE,8.40%,9.32%,2026-05-08,326.0000,0.11%,2026-05-11,317.2000,-2.59%,2026-05-12,299.1000,-8.15%,2026-05-13,298.1500,-8.44%,2026-05-14,303.7000,-6.74%,2026-05-15,306.8500,-5.77%,2026-05-18,303.9500,-6.66%,2026-05-19,328.0000,0.72%,2026-05-20,325.0000,-0.20%,2026-05-21,339.6500,4.30%,2026-05-22,339.3500,4.21%,2026-05-25,346.4500,6.39%,2026-05-26,344.4500,5.77%,2026-05-27,336.9500,3.47%,2026-05-28,336.9500,3.47%,2026-05-29,337.3000,3.58%,2026-06-01,335.6000,3.06%,2026-06-02,342.6500,5.22%,2026-06-03,334.7500,2.79%,2026-06-04,337.7000,3.70%,2026-06-05,332.6000,2.13%,2026-06-08,325.7000,0.02%,2026-06-09,337.5500,3.65%,2026-06-10,329.8500,1.29%,2026-06-11,323.7500,-0.58%,2026-06-12,339.5000,4.25%,2026-06-15,352.3000,8.18%,2026-06-16,348.2500,6.94%,2026-06-17,348.7000,7.08%,2026-06-18,352.8000,8.34%,2026-06-19,353.7000,8.61%,2026-06-22,354.8000,8.95%,,,,,,,,,,,,,,,,,,,,,,,,,,,,,,,,,,,,,,,,,,,,,,,,,,,,,,,,,,,,,,,,,,,,,,,,,,,,,,,,,,,,,,,,,,,,,,,,,,,,,,,,,,,,,,,,,,,,,,,,,,,,,,,,,,,,,,,,,,,,,,,,,,,,,,,,,,,,,,,,,,,,,,,,,,,,,,,,,,,,,,,,,,,,,,,,,,,,,,,,,,,,,,,,,,,,,,,,,,,,,,,,,,,,,,,,,,,,,,,,,,,,,,,,,,,,,,,,,,,,,,,,,,,,,,,,,,,,,,,,,,,,,,,,,,,,,,,,,,,,,,,,,,,,,,,,,,,,,,,,,,,,,,,,,,,,,,,,,,,,,,,,,,,,,,,,,,,,,,,,,,,,,,,,,,,,,,,,,,,,,,,,,,,,,,,,,,,,,,,,,,,,,,,,,,,,,,,,,,,,,,,,,,,,,,,,,,,,,,,,,,,,,,,,,,,,,,,,,,,,,,,,,,,,,,,,,,,,,,,,,,,,,,,,,,,,,,,,,,,,,,,,,,,,,,,,,,,,,,,,,,,,,,,,,,,,,,,,,,,,,,,,,,,,,,,,,,,,,,,,,,,,,,,,,,,,,,,,,,,,,,,,,,,,,,,,,,,,,,,,,,,,,,,,,,,,,,,,,,,,,,,,,,,,,,,,,,,,,,,,,,,,,,,,,,,,,,,,,,,,
ATHERENERG.NS,2026-07-09,1317.0000,1370.0000,1222.69,1318.9000,TRUE,FALSE,7.71%,12.05%,2026-07-09,1218.4000,-0.35%,2026-07-10,1225.8000,0.25%,2026-07-13,1184.6000,-3.12%,2026-07-14,1201.8000,-1.71%,2026-07-15,1296.4000,6.03%,,,,,,,,,,,,,,,,,,,,,,,,,,,,,,,,,,,,,,,,,,,,,,,,,,,,,,,,,,,,,,,,,,,,,,,,,,,,,,,,,,,,,,,,,,,,,,,,,,,,,,,,,,,,,,,,,,,,,,,,,,,,,,,,,,,,,,,,,,,,,,,,,,,,,,,,,,,,,,,,,,,,,,,,,,,,,,,,,,,,,,,,,,,,,,,,,,,,,,,,,,,,,,,,,,,,,,,,,,,,,,,,,,,,,,,,,,,,,,,,,,,,,,,,,,,,,,,,,,,,,,,,,,,,,,,,,,,,,,,,,,,,,,,,,,,,,,,,,,,,,,,,,,,,,,,,,,,,,,,,,,,,,,,,,,,,,,,,,,,,,,,,,,,,,,,,,,,,,,,,,,,,,,,,,,,,,,,,,,,,,,,,,,,,,,,,,,,,,,,,,,,,,,,,,,,,,,,,,,,,,,,,,,,,,,,,,,,,,,,,,,,,,,,,,,,,,,,,,,,,,,,,,,,,,,,,,,,,,,,,,,,,,,,,,,,,,,,,,,,,,,,,,,,,,,,,,,,,,,,,,,,,,,,,,,,,,,,,,,,,,,,,,,,,,,,,,,,,,,,,,,,,,,,,,,,,,,,,,,,,,,,,,,,,,,,,,,,,,,,,,,,,,,,,,,,,,,,,,,,,,,,,,,,,,,,,,,,,,,,,,,,,,,,,,,,,,,,,,,,,,,,,,,,,,,,,,,,,,,,,,,,,,,,,,,,,,,,,,,,,,,,,,,,,,,,,,,,,,,,,,,,,,,,,,,,,,,,,,,,,,
AVALON.NS,2026-05-19,1500.0000,1567.0000,1366.13,1777.0000,TRUE,TRUE,9.80%,14.70%,2026-05-19,1356.7000,-0.69%,2026-05-20,1464.4000,7.19%,2026-05-21,1461.8000,7.00%,2026-05-22,1473.0000,7.82%,2026-05-25,1511.2000,10.62%,2026-05-26,1461.3000,6.97%,2026-05-27,1497.1000,9.59%,2026-05-28,1497.1000,9.59%,2026-05-29,1520.5000,11.30%,2026-06-01,1451.8000,6.27%,2026-06-02,1511.9000,10.67%,2026-06-03,1515.8000,10.96%,2026-06-04,1637.7000,19.88%,2026-06-05,1607.9000,17.70%,2026-06-08,1605.1000,17.49%,2026-06-09,1639.5000,20.01%,2026-06-10,1532.5000,12.18%,2026-06-11,1568.2000,14.79%,2026-06-12,1687.0000,23.49%,2026-06-15,1760.0000,28.83%,,,,,,,,,,,,,,,,,,,,,,,,,,,,,,,,,,,,,,,,,,,,,,,,,,,,,,,,,,,,,,,,,,,,,,,,,,,,,,,,,,,,,,,,,,,,,,,,,,,,,,,,,,,,,,,,,,,,,,,,,,,,,,,,,,,,,,,,,,,,,,,,,,,,,,,,,,,,,,,,,,,,,,,,,,,,,,,,,,,,,,,,,,,,,,,,,,,,,,,,,,,,,,,,,,,,,,,,,,,,,,,,,,,,,,,,,,,,,,,,,,,,,,,,,,,,,,,,,,,,,,,,,,,,,,,,,,,,,,,,,,,,,,,,,,,,,,,,,,,,,,,,,,,,,,,,,,,,,,,,,,,,,,,,,,,,,,,,,,,,,,,,,,,,,,,,,,,,,,,,,,,,,,,,,,,,,,,,,,,,,,,,,,,,,,,,,,,,,,,,,,,,,,,,,,,,,,,,,,,,,,,,,,,,,,,,,,,,,,,,,,,,,,,,,,,,,,,,,,,,,,,,,,,,,,,,,,,,,,,,,,,,,,,,,,,,,,,,,,,,,,,,,,,,,,,,,,,,,,,,,,,,,,,,,,,,,,,,,,,,,,,,,,,,,,,,,,,,,,,,,,,,,,,,,,,,,,,,,,,,,,,,,,,,,,,,,,,,,,,,,,,,,,,,,,,,,,,,,,,,,,,,,,,,,,,,,,,,,,,,,,,,,,,,,,,,,,,,,,,,,,,,,,,,,,,,,,,,,,,,,,,,,,,,,,,,,,,,
AZAD.NS,2026-04-15,2000.0000,2067.0000,1750,2350.0000,TRUE,TRUE,14.29%,18.11%,2026-04-15,1836.4000,4.94%,2026-04-16,1861.3000,6.36%,2026-04-17,1904.3000,8.82%,2026-04-20,1893.3000,8.19%,2026-04-21,1862.6000,6.43%,2026-04-22,1950.4000,11.45%,2026-04-23,2111.0000,20.63%,2026-04-24,2090.2000,19.44%,2026-04-27,2237.1001,27.83%,2026-04-28,2201.0000,25.77%,2026-04-29,2160.3000,23.45%,2026-04-30,2164.8999,23.71%,2026-05-01,2164.8999,23.71%,2026-05-04,2161.7000,23.53%,2026-05-05,2153.8000,23.07%,2026-05-06,2194.3000,25.39%,2026-05-07,2244.6001,28.26%,2026-05-08,2315.6001,32.32%,2026-05-11,2180.1001,24.58%,2026-05-12,2123.7000,21.35%,2026-05-13,2117.8999,21.02%,2026-05-14,2182.5000,24.71%,2026-05-15,2098.2000,19.90%,2026-05-18,1920.4000,9.74%,2026-05-19,1913.2000,9.33%,2026-05-20,2007.6000,14.72%,2026-05-21,2024.0000,15.66%,2026-05-22,2039.6000,16.55%,2026-05-25,2040.7000,16.61%,2026-05-26,2116.8000,20.96%,2026-05-27,2057.1001,17.55%,2026-05-28,2057.1001,17.55%,2026-05-29,2016.7000,15.24%,,,,,,,,,,,,,,,,,,,,,,,,,,,,,,,,,,,,,,,,,,,,,,,,,,,,,,,,,,,,,,,,,,,,,,,,,,,,,,,,,,,,,,,,,,,,,,,,,,,,,,,,,,,,,,,,,,,,,,,,,,,,,,,,,,,,,,,,,,,,,,,,,,,,,,,,,,,,,,,,,,,,,,,,,,,,,,,,,,,,,,,,,,,,,,,,,,,,,,,,,,,,,,,,,,,,,,,,,,,,,,,,,,,,,,,,,,,,,,,,,,,,,,,,,,,,,,,,,,,,,,,,,,,,,,,,,,,,,,,,,,,,,,,,,,,,,,,,,,,,,,,,,,,,,,,,,,,,,,,,,,,,,,,,,,,,,,,,,,,,,,,,,,,,,,,,,,,,,,,,,,,,,,,,,,,,,,,,,,,,,,,,,,,,,,,,,,,,,,,,,,,,,,,,,,,,,,,,,,,,,,,,,,,,,,,,,,,,,,,,,,,,,,,,,,,,,,,,,,,,,,,,,,,,,,,,,,,,,,,,,,,,,,,,,,,,,,,,,,,,,,,,,,,,,,,,,,,,,,,,,,,,,,,,,,,,,,,,,,,,,,,,,,,,,,,,,,,,,,,,,,,,,,,,,,,,,,,,,,,,,,,,,,,,,,,,,,,,,,,,,,,,,,,,,,,,,,,,,,,,,,,,,,,,,,,,,,,,,,,,,,,,,,,,,,,,,,,,,
AZAD.NS,2026-07-08,2600.0000,2850.0000,2391,2530.0000,FALSE,FALSE,8.74%,19.20%,2026-07-08,2229.3999,-6.76%,2026-07-09,2476.1001,3.56%,2026-07-10,2479.5000,3.70%,2026-07-13,2378.5000,-0.52%,2026-07-14,2392.6001,0.07%,2026-07-15,2351.8000,-1.64%,,,,,,,,,,,,,,,,,,,,,,,,,,,,,,,,,,,,,,,,,,,,,,,,,,,,,,,,,,,,,,,,,,,,,,,,,,,,,,,,,,,,,,,,,,,,,,,,,,,,,,,,,,,,,,,,,,,,,,,,,,,,,,,,,,,,,,,,,,,,,,,,,,,,,,,,,,,,,,,,,,,,,,,,,,,,,,,,,,,,,,,,,,,,,,,,,,,,,,,,,,,,,,,,,,,,,,,,,,,,,,,,,,,,,,,,,,,,,,,,,,,,,,,,,,,,,,,,,,,,,,,,,,,,,,,,,,,,,,,,,,,,,,,,,,,,,,,,,,,,,,,,,,,,,,,,,,,,,,,,,,,,,,,,,,,,,,,,,,,,,,,,,,,,,,,,,,,,,,,,,,,,,,,,,,,,,,,,,,,,,,,,,,,,,,,,,,,,,,,,,,,,,,,,,,,,,,,,,,,,,,,,,,,,,,,,,,,,,,,,,,,,,,,,,,,,,,,,,,,,,,,,,,,,,,,,,,,,,,,,,,,,,,,,,,,,,,,,,,,,,,,,,,,,,,,,,,,,,,,,,,,,,,,,,,,,,,,,,,,,,,,,,,,,,,,,,,,,,,,,,,,,,,,,,,,,,,,,,,,,,,,,,,,,,,,,,,,,,,,,,,,,,,,,,,,,,,,,,,,,,,,,,,,,,,,,,,,,,,,,,,,,,,,,,,,,,,,,,,,,,,,,,,,,,,,,,,,,,,,,,,,,,,,,,,,,,,,,,,,,,,,,,,,,,,,,,,,,,,,,,,,,,,,,,,,,,,,,,,
CEATLTD.NS,2026-07-09,4359.0000,4535.0000,3919.82,3986.0000,FALSE,FALSE,11.20%,15.69%,2026-07-09,3908.5000,-0.29%,2026-07-10,3866.6001,-1.36%,2026-07-13,3867.7000,-1.33%,2026-07-14,3719.8000,-5.10%,2026-07-15,3789.1000,-3.33%,,,,,,,,,,,,,,,,,,,,,,,,,,,,,,,,,,,,,,,,,,,,,,,,,,,,,,,,,,,,,,,,,,,,,,,,,,,,,,,,,,,,,,,,,,,,,,,,,,,,,,,,,,,,,,,,,,,,,,,,,,,,,,,,,,,,,,,,,,,,,,,,,,,,,,,,,,,,,,,,,,,,,,,,,,,,,,,,,,,,,,,,,,,,,,,,,,,,,,,,,,,,,,,,,,,,,,,,,,,,,,,,,,,,,,,,,,,,,,,,,,,,,,,,,,,,,,,,,,,,,,,,,,,,,,,,,,,,,,,,,,,,,,,,,,,,,,,,,,,,,,,,,,,,,,,,,,,,,,,,,,,,,,,,,,,,,,,,,,,,,,,,,,,,,,,,,,,,,,,,,,,,,,,,,,,,,,,,,,,,,,,,,,,,,,,,,,,,,,,,,,,,,,,,,,,,,,,,,,,,,,,,,,,,,,,,,,,,,,,,,,,,,,,,,,,,,,,,,,,,,,,,,,,,,,,,,,,,,,,,,,,,,,,,,,,,,,,,,,,,,,,,,,,,,,,,,,,,,,,,,,,,,,,,,,,,,,,,,,,,,,,,,,,,,,,,,,,,,,,,,,,,,,,,,,,,,,,,,,,,,,,,,,,,,,,,,,,,,,,,,,,,,,,,,,,,,,,,,,,,,,,,,,,,,,,,,,,,,,,,,,,,,,,,,,,,,,,,,,,,,,,,,,,,,,,,,,,,,,,,,,,,,,,,,,,,,,,,,,,,,,,,,,,,,,,,,,,,,,,,,,,,,,,,,,,,,,,,,,,,,
CGPOWER.NS,2026-05-21,950.0000,960.0000,864.99,969.9000,TRUE,TRUE,9.83%,10.98%,2026-05-21,864.9000,-0.01%,2026-05-22,865.7000,0.08%,2026-05-25,867.9000,0.34%,2026-05-26,879.1500,1.64%,2026-05-27,934.8000,8.07%,2026-05-28,934.8000,8.07%,2026-05-29,917.4500,6.06%,2026-06-01,894.3500,3.39%,2026-06-02,907.7000,4.94%,2026-06-03,906.6500,4.82%,2026-06-04,937.9000,8.43%,2026-06-05,937.8500,8.42%,2026-06-08,903.4000,4.44%,2026-06-09,911.2000,5.34%,2026-06-10,908.1000,4.98%,2026-06-11,901.3500,4.20%,2026-06-12,914.4500,5.72%,2026-06-15,935.5000,8.15%,2026-06-16,940.7000,8.75%,2026-06-17,963.7500,11.42%,2026-06-18,954.4500,10.34%,2026-06-19,963.7000,11.41%,2026-06-22,962.5500,11.28%,,,,,,,,,,,,,,,,,,,,,,,,,,,,,,,,,,,,,,,,,,,,,,,,,,,,,,,,,,,,,,,,,,,,,,,,,,,,,,,,,,,,,,,,,,,,,,,,,,,,,,,,,,,,,,,,,,,,,,,,,,,,,,,,,,,,,,,,,,,,,,,,,,,,,,,,,,,,,,,,,,,,,,,,,,,,,,,,,,,,,,,,,,,,,,,,,,,,,,,,,,,,,,,,,,,,,,,,,,,,,,,,,,,,,,,,,,,,,,,,,,,,,,,,,,,,,,,,,,,,,,,,,,,,,,,,,,,,,,,,,,,,,,,,,,,,,,,,,,,,,,,,,,,,,,,,,,,,,,,,,,,,,,,,,,,,,,,,,,,,,,,,,,,,,,,,,,,,,,,,,,,,,,,,,,,,,,,,,,,,,,,,,,,,,,,,,,,,,,,,,,,,,,,,,,,,,,,,,,,,,,,,,,,,,,,,,,,,,,,,,,,,,,,,,,,,,,,,,,,,,,,,,,,,,,,,,,,,,,,,,,,,,,,,,,,,,,,,,,,,,,,,,,,,,,,,,,,,,,,,,,,,,,,,,,,,,,,,,,,,,,,,,,,,,,,,,,,,,,,,,,,,,,,,,,,,,,,,,,,,,,,,,,,,,,,,,,,,,,,,,,,,,,,,,,,,,,,,,,,,,,,,,,,,,,,,,,,,,,,,,,,,,,,,,,,,,,,,,,,,,,,,,,,,,,,,,,,,,,,,,,,,,,,
DATAPATTNS.NS,2026-06-04,4650.0000,4833.0000,4212.19,4955.9000,TRUE,TRUE,10.39%,14.74%,2026-06-04,4192.3999,-0.47%,2026-06-05,4212.6001,0.01%,2026-06-08,4141.2998,-1.68%,2026-06-09,4558.5000,8.22%,2026-06-10,4353.7998,3.36%,2026-06-11,4205.0000,-0.17%,2026-06-12,4545.7002,7.92%,2026-06-15,4425.5000,5.06%,2026-06-16,4477.2998,6.29%,2026-06-17,4769.6000,13.23%,2026-06-18,4802.1000,14.00%,2026-06-19,4822.1001,14.48%,2026-06-22,4866.2000,15.53%,,,,,,,,,,,,,,,,,,,,,,,,,,,,,,,,,,,,,,,,,,,,,,,,,,,,,,,,,,,,,,,,,,,,,,,,,,,,,,,,,,,,,,,,,,,,,,,,,,,,,,,,,,,,,,,,,,,,,,,,,,,,,,,,,,,,,,,,,,,,,,,,,,,,,,,,,,,,,,,,,,,,,,,,,,,,,,,,,,,,,,,,,,,,,,,,,,,,,,,,,,,,,,,,,,,,,,,,,,,,,,,,,,,,,,,,,,,,,,,,,,,,,,,,,,,,,,,,,,,,,,,,,,,,,,,,,,,,,,,,,,,,,,,,,,,,,,,,,,,,,,,,,,,,,,,,,,,,,,,,,,,,,,,,,,,,,,,,,,,,,,,,,,,,,,,,,,,,,,,,,,,,,,,,,,,,,,,,,,,,,,,,,,,,,,,,,,,,,,,,,,,,,,,,,,,,,,,,,,,,,,,,,,,,,,,,,,,,,,,,,,,,,,,,,,,,,,,,,,,,,,,,,,,,,,,,,,,,,,,,,,,,,,,,,,,,,,,,,,,,,,,,,,,,,,,,,,,,,,,,,,,,,,,,,,,,,,,,,,,,,,,,,,,,,,,,,,,,,,,,,,,,,,,,,,,,,,,,,,,,,,,,,,,,,,,,,,,,,,,,,,,,,,,,,,,,,,,,,,,,,,,,,,,,,,,,,,,,,,,,,,,,,,,,,,,,,,,,,,,,,,,,,,,,,,,,,,,,,,,,,,,,,,,,,,,,,,,,,,,,,,,,,,,,,,,,,,,,,
EIEL.NS,2026-06-29,275.0000,325.0000,219.11,247.4000,FALSE,FALSE,25.51%,48.33%,2026-06-29,219.4600,0.16%,2026-06-30,223.7300,2.11%,2026-07-01,221.7200,1.19%,2026-07-02,228.4300,4.25%,2026-07-03,235.4600,7.46%,2026-07-06,240.4800,9.75%,2026-07-07,231.4900,5.65%,2026-07-08,225.0100,2.69%,2026-07-09,228.3900,4.24%,2026-07-10,244.4900,11.58%,2026-07-13,235.8900,7.66%,2026-07-14,227.5000,3.83%,2026-07-15,228.2400,4.17%,,,,,,,,,,,,,,,,,,,,,,,,,,,,,,,,,,,,,,,,,,,,,,,,,,,,,,,,,,,,,,,,,,,,,,,,,,,,,,,,,,,,,,,,,,,,,,,,,,,,,,,,,,,,,,,,,,,,,,,,,,,,,,,,,,,,,,,,,,,,,,,,,,,,,,,,,,,,,,,,,,,,,,,,,,,,,,,,,,,,,,,,,,,,,,,,,,,,,,,,,,,,,,,,,,,,,,,,,,,,,,,,,,,,,,,,,,,,,,,,,,,,,,,,,,,,,,,,,,,,,,,,,,,,,,,,,,,,,,,,,,,,,,,,,,,,,,,,,,,,,,,,,,,,,,,,,,,,,,,,,,,,,,,,,,,,,,,,,,,,,,,,,,,,,,,,,,,,,,,,,,,,,,,,,,,,,,,,,,,,,,,,,,,,,,,,,,,,,,,,,,,,,,,,,,,,,,,,,,,,,,,,,,,,,,,,,,,,,,,,,,,,,,,,,,,,,,,,,,,,,,,,,,,,,,,,,,,,,,,,,,,,,,,,,,,,,,,,,,,,,,,,,,,,,,,,,,,,,,,,,,,,,,,,,,,,,,,,,,,,,,,,,,,,,,,,,,,,,,,,,,,,,,,,,,,,,,,,,,,,,,,,,,,,,,,,,,,,,,,,,,,,,,,,,,,,,,,,,,,,,,,,,,,,,,,,,,,,,,,,,,,,,,,,,,,,,,,,,,,,,,,,,,,,,,,,,,,,,,,,,,,,,,,,,,,,,,,,,,,,,,,,,,,,,,,,,,,,,
GENUSPOWER.NS,2026-04-28,340.0000,342.0000,312,348.0000,TRUE,TRUE,8.97%,9.62%,2026-04-28,311.7600,-0.08%,2026-04-29,311.7200,-0.09%,2026-04-30,312.0500,0.02%,2026-05-01,312.0500,0.02%,2026-05-04,318.0500,1.94%,2026-05-05,316.5000,1.44%,2026-05-06,335.0500,7.39%,2026-05-07,332.0000,6.41%,2026-05-08,326.8500,4.76%,2026-05-11,327.4000,4.94%,2026-05-12,307.7000,-1.38%,2026-05-13,313.5000,0.48%,2026-05-14,308.0500,-1.27%,2026-05-15,313.9500,0.62%,2026-05-18,304.7500,-2.32%,2026-05-19,309.3500,-0.85%,2026-05-20,309.9500,-0.66%,2026-05-21,313.1000,0.35%,2026-05-22,318.0500,1.94%,2026-05-25,324.5000,4.01%,2026-05-26,325.9000,4.46%,2026-05-27,318.5500,2.10%,2026-05-28,318.5500,2.10%,2026-05-29,313.3000,0.42%,2026-06-01,309.6500,-0.75%,2026-06-02,309.3500,-0.85%,2026-06-03,313.3500,0.43%,2026-06-04,314.1500,0.69%,2026-06-05,308.4000,-1.15%,2026-06-08,300.8000,-3.59%,2026-06-09,303.8000,-2.63%,2026-06-10,308.3000,-1.19%,2026-06-11,309.7000,-0.74%,2026-06-12,318.8000,2.18%,2026-06-15,320.7000,2.79%,2026-06-16,328.9000,5.42%,2026-06-17,329.4500,5.59%,2026-06-18,325.5000,4.33%,2026-06-19,324.7000,4.07%,2026-06-22,323.1000,3.56%,2026-06-23,345.5500,10.75%,,,,,,,,,,,,,,,,,,,,,,,,,,,,,,,,,,,,,,,,,,,,,,,,,,,,,,,,,,,,,,,,,,,,,,,,,,,,,,,,,,,,,,,,,,,,,,,,,,,,,,,,,,,,,,,,,,,,,,,,,,,,,,,,,,,,,,,,,,,,,,,,,,,,,,,,,,,,,,,,,,,,,,,,,,,,,,,,,,,,,,,,,,,,,,,,,,,,,,,,,,,,,,,,,,,,,,,,,,,,,,,,,,,,,,,,,,,,,,,,,,,,,,,,,,,,,,,,,,,,,,,,,,,,,,,,,,,,,,,,,,,,,,,,,,,,,,,,,,,,,,,,,,,,,,,,,,,,,,,,,,,,,,,,,,,,,,,,,,,,,,,,,,,,,,,,,,,,,,,,,,,,,,,,,,,,,,,,,,,,,,,,,,,,,,,,,,,,,,,,,,,,,,,,,,,,,,,,,,,,,,,,,,,,,,,,,,,,,,,,,,,,,,,,,,,,,,,,,,,,,,,,,,,,,,,,,,,,,,,,,,,,,,,,,,,,,,,,,,,,,,,,,,,,,,,,,,,,,,,,,,,,,,,,,,,,,,,,,,,,,,,,,,,,,,,,,,,,,,,,,,,,,,,,,,,,,,,,,,,,,,,,,,,,,,,,,,,,,,,,,,,,,,,,,,,,,,,,,,,,,,,,,,,,,,,,,
GNFC.NS,2026-06-17,650.0000,673.0000,557.35,616.0000,FALSE,FALSE,16.62%,20.75%,2026-06-17,559.2500,0.34%,2026-06-18,562.6000,0.94%,2026-06-19,567.6500,1.85%,2026-06-22,581.5000,4.33%,2026-06-23,559.7500,0.43%,2026-06-24,558.0000,0.12%,2026-06-25,546.8500,-1.88%,2026-06-26,546.8500,-1.88%,2026-06-29,546.4500,-1.96%,2026-06-30,543.4000,-2.50%,2026-07-01,530.6000,-4.80%,2026-07-02,534.1500,-4.16%,2026-07-03,529.2000,-5.05%,2026-07-06,521.0000,-6.52%,2026-07-07,513.4500,-7.88%,2026-07-08,497.7000,-10.70%,2026-07-09,504.6000,-9.46%,2026-07-10,502.4500,-9.85%,2026-07-13,502.6500,-9.81%,2026-07-14,493.8500,-11.39%,2026-07-15,498.5500,-10.55%,,,,,,,,,,,,,,,,,,,,,,,,,,,,,,,,,,,,,,,,,,,,,,,,,,,,,,,,,,,,,,,,,,,,,,,,,,,,,,,,,,,,,,,,,,,,,,,,,,,,,,,,,,,,,,,,,,,,,,,,,,,,,,,,,,,,,,,,,,,,,,,,,,,,,,,,,,,,,,,,,,,,,,,,,,,,,,,,,,,,,,,,,,,,,,,,,,,,,,,,,,,,,,,,,,,,,,,,,,,,,,,,,,,,,,,,,,,,,,,,,,,,,,,,,,,,,,,,,,,,,,,,,,,,,,,,,,,,,,,,,,,,,,,,,,,,,,,,,,,,,,,,,,,,,,,,,,,,,,,,,,,,,,,,,,,,,,,,,,,,,,,,,,,,,,,,,,,,,,,,,,,,,,,,,,,,,,,,,,,,,,,,,,,,,,,,,,,,,,,,,,,,,,,,,,,,,,,,,,,,,,,,,,,,,,,,,,,,,,,,,,,,,,,,,,,,,,,,,,,,,,,,,,,,,,,,,,,,,,,,,,,,,,,,,,,,,,,,,,,,,,,,,,,,,,,,,,,,,,,,,,,,,,,,,,,,,,,,,,,,,,,,,,,,,,,,,,,,,,,,,,,,,,,,,,,,,,,,,,,,,,,,,,,,,,,,,,,,,,,,,,,,,,,,,,,,,,,,,,,,,,,,,,,,,,,,,,,,,,,,,,,,,,,,,,,,,,,,,,,,,,,,,,,,,,,,,,,,,,,,,,,,,,,,,,,,,
HBLENGINE.NS,2026-05-08,961.0000,981.0000,847.5,875.0000,FALSE,FALSE,13.39%,15.75%,2026-05-08,848.1500,0.08%,2026-05-11,829.7000,-2.10%,2026-05-12,782.2500,-7.70%,2026-05-13,783.6000,-7.54%,2026-05-14,784.4000,-7.45%,2026-05-15,771.9500,-8.91%,2026-05-18,745.8000,-12.00%,2026-05-19,752.2000,-11.24%,2026-05-20,767.6500,-9.42%,2026-05-21,784.3000,-7.46%,2026-05-22,774.6500,-8.60%,2026-05-25,758.7000,-10.48%,2026-05-26,799.4500,-5.67%,2026-05-27,817.5000,-3.54%,2026-05-28,817.5000,-3.54%,2026-05-29,822.6000,-2.94%,2026-06-01,798.1500,-5.82%,2026-06-02,802.7000,-5.29%,2026-06-03,786.2500,-7.23%,2026-06-04,796.6500,-6.00%,2026-06-05,794.9500,-6.20%,2026-06-08,766.5000,-9.56%,2026-06-09,781.4000,-7.80%,2026-06-10,753.9500,-11.04%,2026-06-11,746.0000,-11.98%,2026-06-12,774.3000,-8.64%,2026-06-15,793.1000,-6.42%,2026-06-16,799.6500,-5.65%,2026-06-17,795.9500,-6.08%,2026-06-18,804.4000,-5.09%,2026-06-19,815.5000,-3.78%,2026-06-22,817.6500,-3.52%,2026-06-23,820.5500,-3.18%,2026-06-24,823.1000,-2.88%,2026-06-25,827.2500,-2.39%,2026-06-29,792.8000,-6.45%,2026-06-30,812.2500,-4.16%,2026-07-01,822.3000,-2.97%,2026-07-02,823.7500,-2.80%,2026-07-03,816.9500,-3.60%,2026-07-06,807.5000,-4.72%,2026-07-07,781.9000,-7.74%,2026-07-08,757.0500,-10.67%,2026-07-09,760.1500,-10.31%,2026-07-10,765.8500,-9.63%,2026-07-13,766.2000,-9.59%,2026-07-14,743.3000,-12.29%,2026-07-15,754.9500,-10.92%,,,,,,,,,,,,,,,,,,,,,,,,,,,,,,,,,,,,,,,,,,,,,,,,,,,,,,,,,,,,,,,,,,,,,,,,,,,,,,,,,,,,,,,,,,,,,,,,,,,,,,,,,,,,,,,,,,,,,,,,,,,,,,,,,,,,,,,,,,,,,,,,,,,,,,,,,,,,,,,,,,,,,,,,,,,,,,,,,,,,,,,,,,,,,,,,,,,,,,,,,,,,,,,,,,,,,,,,,,,,,,,,,,,,,,,,,,,,,,,,,,,,,,,,,,,,,,,,,,,,,,,,,,,,,,,,,,,,,,,,,,,,,,,,,,,,,,,,,,,,,,,,,,,,,,,,,,,,,,,,,,,,,,,,,,,,,,,,,,,,,,,,,,,,,,,,,,,,,,,,,,,,,,,,,,,,,,,,,,,,,,,,,,,,,,,,,,,,,,,,,,,,,,,,,,,,,,,,,,,,,,,,,,,,,,,,,,,,,,,,,,,,,,,,,,,,,,,,,,,,,,,,,,,,,,,,,,,,,,,,,,,,,,,,,,,,,,,,,,,,,,,,,,,,,,,,,,,,,,,,,,,,,,,,,,,,,,,,,,,,,,,,,,,,,,,,,,,,,,,,,,,,,,,,,,,,,,,,,,,,,,,,,,,,,,,,,,,,,,,,,,,,,,,,,,,,
HINDCOPPER.NS,2026-05-13,653.0000,663.0000,595,618.1000,FALSE,FALSE,9.75%,11.43%,2026-05-13,595.3000,0.05%,2026-05-14,606.4500,1.92%,2026-05-15,570.2500,-4.16%,2026-05-18,581.1500,-2.33%,2026-05-19,569.5000,-4.29%,2026-05-20,554.6000,-6.79%,2026-05-21,552.1500,-7.20%,2026-05-22,545.7500,-8.28%,2026-05-25,545.5500,-8.31%,2026-05-26,556.0000,-6.55%,2026-05-27,555.3500,-6.66%,2026-05-28,555.3500,-6.66%,2026-05-29,538.7000,-9.46%,2026-06-01,539.9500,-9.25%,2026-06-02,546.2000,-8.20%,2026-06-03,545.4000,-8.34%,2026-06-04,541.4000,-9.01%,2026-06-05,526.3500,-11.54%,2026-06-08,506.1500,-14.93%,2026-06-09,519.6000,-12.67%,2026-06-10,510.7000,-14.17%,2026-06-11,499.2500,-16.09%,2026-06-12,510.0000,-14.29%,2026-06-15,516.1000,-13.26%,2026-06-16,511.7500,-13.99%,2026-06-17,515.2000,-13.41%,2026-06-18,509.7000,-14.34%,2026-06-19,511.1500,-14.09%,2026-06-22,510.7500,-14.16%,2026-06-23,500.2500,-15.92%,2026-06-24,502.2500,-15.59%,2026-06-25,491.4000,-17.41%,2026-06-26,491.4000,-17.41%,2026-06-29,496.2000,-16.61%,2026-06-30,501.1000,-15.78%,2026-07-01,490.6000,-17.55%,2026-07-02,494.9500,-16.82%,2026-07-03,499.2000,-16.10%,2026-07-06,494.6000,-16.87%,2026-07-07,495.4500,-16.73%,2026-07-08,487.2500,-18.11%,2026-07-09,486.4500,-18.24%,2026-07-10,498.6500,-16.19%,2026-07-13,497.9500,-16.31%,2026-07-14,491.6500,-17.37%,2026-07-15,491.1500,-17.45%,,,,,,,,,,,,,,,,,,,,,,,,,,,,,,,,,,,,,,,,,,,,,,,,,,,,,,,,,,,,,,,,,,,,,,,,,,,,,,,,,,,,,,,,,,,,,,,,,,,,,,,,,,,,,,,,,,,,,,,,,,,,,,,,,,,,,,,,,,,,,,,,,,,,,,,,,,,,,,,,,,,,,,,,,,,,,,,,,,,,,,,,,,,,,,,,,,,,,,,,,,,,,,,,,,,,,,,,,,,,,,,,,,,,,,,,,,,,,,,,,,,,,,,,,,,,,,,,,,,,,,,,,,,,,,,,,,,,,,,,,,,,,,,,,,,,,,,,,,,,,,,,,,,,,,,,,,,,,,,,,,,,,,,,,,,,,,,,,,,,,,,,,,,,,,,,,,,,,,,,,,,,,,,,,,,,,,,,,,,,,,,,,,,,,,,,,,,,,,,,,,,,,,,,,,,,,,,,,,,,,,,,,,,,,,,,,,,,,,,,,,,,,,,,,,,,,,,,,,,,,,,,,,,,,,,,,,,,,,,,,,,,,,,,,,,,,,,,,,,,,,,,,,,,,,,,,,,,,,,,,,,,,,,,,,,,,,,,,,,,,,,,,,,,,,,,,,,,,,,,,,,,,,,,,,,,,,,,,,,,,,,,,,,,,,,,,,,,,,,,,,,,,,,,,,,,,,,,,,
HSCL.NS,2026-06-16,760.0000,790.0000,691.51,718.0000,FALSE,FALSE,9.90%,14.24%,2026-06-16,689.2000,-0.33%,2026-06-17,701.1000,1.39%,2026-06-18,690.3000,-0.17%,2026-06-19,671.0500,-2.96%,2026-06-22,655.0500,-5.27%,2026-06-23,639.2500,-7.56%,2026-06-24,663.0000,-4.12%,2026-06-25,678.1000,-1.94%,2026-06-26,678.1000,-1.94%,2026-06-29,675.5000,-2.32%,2026-06-30,679.2000,-1.78%,2026-07-01,645.5500,-6.65%,2026-07-02,662.6500,-4.17%,2026-07-03,680.6500,-1.57%,2026-07-06,684.1500,-1.06%,2026-07-07,643.5500,-6.94%,2026-07-08,640.8500,-7.33%,2026-07-09,650.0500,-6.00%,2026-07-10,660.4500,-4.49%,2026-07-13,663.1000,-4.11%,2026-07-14,671.4000,-2.91%,2026-07-15,681.5500,-1.44%,,,,,,,,,,,,,,,,,,,,,,,,,,,,,,,,,,,,,,,,,,,,,,,,,,,,,,,,,,,,,,,,,,,,,,,,,,,,,,,,,,,,,,,,,,,,,,,,,,,,,,,,,,,,,,,,,,,,,,,,,,,,,,,,,,,,,,,,,,,,,,,,,,,,,,,,,,,,,,,,,,,,,,,,,,,,,,,,,,,,,,,,,,,,,,,,,,,,,,,,,,,,,,,,,,,,,,,,,,,,,,,,,,,,,,,,,,,,,,,,,,,,,,,,,,,,,,,,,,,,,,,,,,,,,,,,,,,,,,,,,,,,,,,,,,,,,,,,,,,,,,,,,,,,,,,,,,,,,,,,,,,,,,,,,,,,,,,,,,,,,,,,,,,,,,,,,,,,,,,,,,,,,,,,,,,,,,,,,,,,,,,,,,,,,,,,,,,,,,,,,,,,,,,,,,,,,,,,,,,,,,,,,,,,,,,,,,,,,,,,,,,,,,,,,,,,,,,,,,,,,,,,,,,,,,,,,,,,,,,,,,,,,,,,,,,,,,,,,,,,,,,,,,,,,,,,,,,,,,,,,,,,,,,,,,,,,,,,,,,,,,,,,,,,,,,,,,,,,,,,,,,,,,,,,,,,,,,,,,,,,,,,,,,,,,,,,,,,,,,,,,,,,,,,,,,,,,,,,,,,,,,,,,,,,,,,,,,,,,,,,,,,,,,,,,,,,,,,,,,,,,,,,,,,,,,,,,,,,,,,,,,,,,,,,,
INOXINDIA.NS,2026-05-26,1650.0000,1693.0000,1487.73,1980.0000,TRUE,TRUE,10.91%,13.80%,2026-05-26,1488.1000,0.02%,2026-05-27,1524.9000,2.50%,2026-05-29,1493.6000,0.39%,2026-06-01,1446.8000,-2.75%,2026-06-02,1452.2000,-2.39%,2026-06-03,1476.6000,-0.75%,2026-06-04,1505.0000,1.16%,2026-06-05,1578.8000,6.12%,2026-06-08,1665.1000,11.92%,2026-06-09,1686.7000,13.37%,2026-06-10,1891.6000,27.15%,2026-06-11,1848.8000,24.27%,,,,,,,,,,,,,,,,,,,,,,,,,,,,,,,,,,,,,,,,,,,,,,,,,,,,,,,,,,,,,,,,,,,,,,,,,,,,,,,,,,,,,,,,,,,,,,,,,,,,,,,,,,,,,,,,,,,,,,,,,,,,,,,,,,,,,,,,,,,,,,,,,,,,,,,,,,,,,,,,,,,,,,,,,,,,,,,,,,,,,,,,,,,,,,,,,,,,,,,,,,,,,,,,,,,,,,,,,,,,,,,,,,,,,,,,,,,,,,,,,,,,,,,,,,,,,,,,,,,,,,,,,,,,,,,,,,,,,,,,,,,,,,,,,,,,,,,,,,,,,,,,,,,,,,,,,,,,,,,,,,,,,,,,,,,,,,,,,,,,,,,,,,,,,,,,,,,,,,,,,,,,,,,,,,,,,,,,,,,,,,,,,,,,,,,,,,,,,,,,,,,,,,,,,,,,,,,,,,,,,,,,,,,,,,,,,,,,,,,,,,,,,,,,,,,,,,,,,,,,,,,,,,,,,,,,,,,,,,,,,,,,,,,,,,,,,,,,,,,,,,,,,,,,,,,,,,,,,,,,,,,,,,,,,,,,,,,,,,,,,,,,,,,,,,,,,,,,,,,,,,,,,,,,,,,,,,,,,,,,,,,,,,,,,,,,,,,,,,,,,,,,,,,,,,,,,,,,,,,,,,,,,,,,,,,,,,,,,,,,,,,,,,,,,,,,,,,,,,,,,,,,,,,,,,,,,,,,,,,,,,,,,,,,,,,,,,,,,,,,,,,,,,,,,,,,,,,,,,,,
JSWENERGY.NS,2026-04-17,600.0000,620.0000,540,617.3500,TRUE,FALSE,11.11%,14.81%,2026-04-17,538.0500,-0.36%,2026-04-20,543.0500,0.56%,2026-04-21,546.6500,1.23%,2026-04-22,560.5500,3.81%,2026-04-23,561.4000,3.96%,2026-04-24,544.9500,0.92%,2026-04-27,573.8000,6.26%,2026-04-28,580.9000,7.57%,2026-04-29,560.4000,3.78%,2026-04-30,561.1500,3.92%,2026-05-01,561.1500,3.92%,2026-05-04,562.3000,4.13%,2026-05-05,561.9500,4.06%,2026-05-06,567.9000,5.17%,2026-05-07,575.9000,6.65%,2026-05-08,571.2000,5.78%,2026-05-11,556.6500,3.08%,2026-05-12,517.9500,-4.08%,2026-05-13,509.2000,-5.70%,2026-05-14,512.8000,-5.04%,2026-05-15,515.0500,-4.62%,2026-05-18,529.0500,-2.03%,2026-05-19,533.1500,-1.27%,2026-05-20,537.1000,-0.54%,2026-05-21,548.4500,1.56%,2026-05-22,551.2500,2.08%,2026-05-25,557.0500,3.16%,2026-05-26,576.0000,6.67%,2026-05-27,602.0500,11.49%,2026-05-28,602.0500,11.49%,2026-05-29,595.0500,10.19%,2026-06-01,583.4500,8.05%,2026-06-02,588.5500,8.99%,2026-06-03,580.2000,7.44%,2026-06-04,590.0500,9.27%,2026-06-05,584.2000,8.19%,2026-06-08,570.9500,5.73%,2026-06-09,570.4000,5.63%,2026-06-10,560.6500,3.82%,2026-06-11,552.2500,2.27%,2026-06-12,559.3500,3.58%,2026-06-15,566.2500,4.86%,2026-06-16,562.0500,4.08%,2026-06-17,572.0000,5.93%,2026-06-18,575.5500,6.58%,2026-06-19,570.1000,5.57%,2026-06-22,582.0500,7.79%,2026-06-23,568.9000,5.35%,2026-06-24,574.4000,6.37%,2026-06-25,573.5000,6.20%,2026-06-26,573.5000,6.20%,2026-06-29,586.2500,8.56%,2026-06-30,583.1500,7.99%,2026-07-01,569.4500,5.45%,2026-07-02,565.3500,4.69%,2026-07-03,550.2000,1.89%,2026-07-06,547.4000,1.37%,2026-07-07,544.2000,0.78%,2026-07-08,536.9500,-0.56%,2026-07-09,533.4500,-1.21%,2026-07-10,553.4500,2.49%,2026-07-13,553.6500,2.53%,2026-07-14,557.2500,3.19%,2026-07-15,549.9000,1.83%,,,,,,,,,,,,,,,,,,,,,,,,,,,,,,,,,,,,,,,,,,,,,,,,,,,,,,,,,,,,,,,,,,,,,,,,,,,,,,,,,,,,,,,,,,,,,,,,,,,,,,,,,,,,,,,,,,,,,,,,,,,,,,,,,,,,,,,,,,,,,,,,,,,,,,,,,,,,,,,,,,,,,,,,,,,,,,,,,,,,,,,,,,,,,,,,,,,,,,,,,,,,,,,,,,,,,,,,,,,,,,,,,,,,,,,,,,,,,,,,,,,,,,,,,,,,,,,,,,,,,,,,,,,,,,,,,,,,,,,,,,,,,,,,,,,,,,,,,,,,,,,,,,,,,,,,,,,,,,,,,,,,,,,,,,,,,,,,,,,,,,,,,,,,,,,,,,,,,,,,,,,,,,,,,,,,,,,,,,,,,,,,,,,,,,,,,,,,,,,,,,,,,,,,,,,,,,,,,,,,,,,,,,,,,,,,,,,,,,,,,,,,,,,,,,,,,,,,,,,,,,,,,,,,,,,,,,,,,,,,,,,,,,,,,,,,,,,,,,,,,,,,,,,,,,,,,,,,,,,,,,,,,,,,,,,,,,,,,,,,,,,,,,,,,,,,,,,,,,,,,,,,
KIRLOSENG.NS,2026-05-26,1890.0000,1935.0000,1766.98,2052.7000,TRUE,TRUE,6.96%,9.51%,2026-05-26,1750.8000,-0.92%,2026-05-27,1830.0000,3.57%,2026-05-28,1830.0000,3.57%,2026-05-29,1928.0000,9.11%,2026-06-01,1918.5000,8.58%,2026-06-02,1856.9000,5.09%,2026-06-03,1889.5000,6.93%,2026-06-04,1949.9000,10.35%,2026-06-05,1913.3000,8.28%,2026-06-08,1854.0000,4.92%,2026-06-09,1851.3000,4.77%,2026-06-10,1817.8000,2.88%,2026-06-11,1797.9000,1.75%,2026-06-12,1890.5000,6.99%,2026-06-15,1933.8000,9.44%,2026-06-16,1918.5000,8.58%,2026-06-17,1988.7000,12.55%,2026-06-18,1983.5000,12.25%,,,,,,,,,,,,,,,,,,,,,,,,,,,,,,,,,,,,,,,,,,,,,,,,,,,,,,,,,,,,,,,,,,,,,,,,,,,,,,,,,,,,,,,,,,,,,,,,,,,,,,,,,,,,,,,,,,,,,,,,,,,,,,,,,,,,,,,,,,,,,,,,,,,,,,,,,,,,,,,,,,,,,,,,,,,,,,,,,,,,,,,,,,,,,,,,,,,,,,,,,,,,,,,,,,,,,,,,,,,,,,,,,,,,,,,,,,,,,,,,,,,,,,,,,,,,,,,,,,,,,,,,,,,,,,,,,,,,,,,,,,,,,,,,,,,,,,,,,,,,,,,,,,,,,,,,,,,,,,,,,,,,,,,,,,,,,,,,,,,,,,,,,,,,,,,,,,,,,,,,,,,,,,,,,,,,,,,,,,,,,,,,,,,,,,,,,,,,,,,,,,,,,,,,,,,,,,,,,,,,,,,,,,,,,,,,,,,,,,,,,,,,,,,,,,,,,,,,,,,,,,,,,,,,,,,,,,,,,,,,,,,,,,,,,,,,,,,,,,,,,,,,,,,,,,,,,,,,,,,,,,,,,,,,,,,,,,,,,,,,,,,,,,,,,,,,,,,,,,,,,,,,,,,,,,,,,,,,,,,,,,,,,,,,,,,,,,,,,,,,,,,,,,,,,,,,,,,,,,,,,,,,,,,,,,,,,,,,,,,,,,,,,,,,,,,,,,,,,,,,,,,,,,,,,,,,,,,,,,,,,,,,,,,,,,,,,,,,,,,,,,
KIRLOSENG.NS,2026-06-17,2000.0000,2017.0000,1988.20,2389.8000,TRUE,TRUE,0.59%,1.45%,2026-06-17,1988.7000,0.03%,2026-06-18,1983.5000,-0.24%,2026-06-19,1991.5000,0.17%,2026-06-22,2389.8000,20.20%,,,,,,,,,,,,,,,,,,,,,,,,,,,,,,,,,,,,,,,,,,,,,,,,,,,,,,,,,,,,,,,,,,,,,,,,,,,,,,,,,,,,,,,,,,,,,,,,,,,,,,,,,,,,,,,,,,,,,,,,,,,,,,,,,,,,,,,,,,,,,,,,,,,,,,,,,,,,,,,,,,,,,,,,,,,,,,,,,,,,,,,,,,,,,,,,,,,,,,,,,,,,,,,,,,,,,,,,,,,,,,,,,,,,,,,,,,,,,,,,,,,,,,,,,,,,,,,,,,,,,,,,,,,,,,,,,,,,,,,,,,,,,,,,,,,,,,,,,,,,,,,,,,,,,,,,,,,,,,,,,,,,,,,,,,,,,,,,,,,,,,,,,,,,,,,,,,,,,,,,,,,,,,,,,,,,,,,,,,,,,,,,,,,,,,,,,,,,,,,,,,,,,,,,,,,,,,,,,,,,,,,,,,,,,,,,,,,,,,,,,,,,,,,,,,,,,,,,,,,,,,,,,,,,,,,,,,,,,,,,,,,,,,,,,,,,,,,,,,,,,,,,,,,,,,,,,,,,,,,,,,,,,,,,,,,,,,,,,,,,,,,,,,,,,,,,,,,,,,,,,,,,,,,,,,,,,,,,,,,,,,,,,,,,,,,,,,,,,,,,,,,,,,,,,,,,,,,,,,,,,,,,,,,,,,,,,,,,,,,,,,,,,,,,,,,,,,,,,,,,,,,,,,,,,,,,,,,,,,,,,,,,,,,,,,,,,,,,,,,,,,,,,,,,,,,,,,,,,,,,,,,,,,,,,,,,,,,,,,,,,,,,
KRN.NS,2026-06-15,1750.0000,1833.0000,1253.30,1305.0000,FALSE,FALSE,39.63%,46.25%,2026-06-15,1256.0000,0.22%,2026-06-16,1218.3000,-2.79%,2026-06-17,1224.2000,-2.32%,2026-06-18,1219.4000,-2.70%,2026-06-19,1235.2000,-1.44%,2026-06-22,1224.0000,-2.34%,2026-06-23,1198.1000,-4.40%,2026-06-24,1177.2000,-6.07%,2026-06-25,1191.0000,-4.97%,2026-06-29,1250.5000,-0.22%,2026-06-30,1252.6000,-0.06%,2026-07-01,1234.6000,-1.49%,2026-07-02,1220.5000,-2.62%,2026-07-03,1214.8000,-3.07%,2026-07-06,1230.5000,-1.82%,2026-07-07,1236.0000,-1.38%,2026-07-08,1205.1000,-3.85%,2026-07-09,1211.8000,-3.31%,2026-07-10,1230.9000,-1.79%,2026-07-13,1224.4000,-2.31%,2026-07-14,1224.3000,-2.31%,2026-07-15,1285.5000,2.57%,,,,,,,,,,,,,,,,,,,,,,,,,,,,,,,,,,,,,,,,,,,,,,,,,,,,,,,,,,,,,,,,,,,,,,,,,,,,,,,,,,,,,,,,,,,,,,,,,,,,,,,,,,,,,,,,,,,,,,,,,,,,,,,,,,,,,,,,,,,,,,,,,,,,,,,,,,,,,,,,,,,,,,,,,,,,,,,,,,,,,,,,,,,,,,,,,,,,,,,,,,,,,,,,,,,,,,,,,,,,,,,,,,,,,,,,,,,,,,,,,,,,,,,,,,,,,,,,,,,,,,,,,,,,,,,,,,,,,,,,,,,,,,,,,,,,,,,,,,,,,,,,,,,,,,,,,,,,,,,,,,,,,,,,,,,,,,,,,,,,,,,,,,,,,,,,,,,,,,,,,,,,,,,,,,,,,,,,,,,,,,,,,,,,,,,,,,,,,,,,,,,,,,,,,,,,,,,,,,,,,,,,,,,,,,,,,,,,,,,,,,,,,,,,,,,,,,,,,,,,,,,,,,,,,,,,,,,,,,,,,,,,,,,,,,,,,,,,,,,,,,,,,,,,,,,,,,,,,,,,,,,,,,,,,,,,,,,,,,,,,,,,,,,,,,,,,,,,,,,,,,,,,,,,,,,,,,,,,,,,,,,,,,,,,,,,,,,,,,,,,,,,,,,,,,,,,,,,,,,,,,,,,,,,,,,,,,,,,,,,,,,,,,,,,,,,,,,,,,,,,,,,,,,,,,,,,,,,,,,,,,,,,,,,,,
METROPOLIS.NS,2026-07-06,650.0000,700.0000,575.29,585.4000,FALSE,FALSE,12.99%,21.68%,2026-07-06,573.5500,-0.30%,2026-07-07,566.1500,-1.59%,2026-07-08,549.3500,-4.51%,2026-07-09,560.0500,-2.65%,2026-07-10,567.9500,-1.28%,2026-07-13,564.7000,-1.84%,2026-07-14,559.2000,-2.80%,2026-07-15,571.6500,-0.63%,,,,,,,,,,,,,,,,,,,,,,,,,,,,,,,,,,,,,,,,,,,,,,,,,,,,,,,,,,,,,,,,,,,,,,,,,,,,,,,,,,,,,,,,,,,,,,,,,,,,,,,,,,,,,,,,,,,,,,,,,,,,,,,,,,,,,,,,,,,,,,,,,,,,,,,,,,,,,,,,,,,,,,,,,,,,,,,,,,,,,,,,,,,,,,,,,,,,,,,,,,,,,,,,,,,,,,,,,,,,,,,,,,,,,,,,,,,,,,,,,,,,,,,,,,,,,,,,,,,,,,,,,,,,,,,,,,,,,,,,,,,,,,,,,,,,,,,,,,,,,,,,,,,,,,,,,,,,,,,,,,,,,,,,,,,,,,,,,,,,,,,,,,,,,,,,,,,,,,,,,,,,,,,,,,,,,,,,,,,,,,,,,,,,,,,,,,,,,,,,,,,,,,,,,,,,,,,,,,,,,,,,,,,,,,,,,,,,,,,,,,,,,,,,,,,,,,,,,,,,,,,,,,,,,,,,,,,,,,,,,,,,,,,,,,,,,,,,,,,,,,,,,,,,,,,,,,,,,,,,,,,,,,,,,,,,,,,,,,,,,,,,,,,,,,,,,,,,,,,,,,,,,,,,,,,,,,,,,,,,,,,,,,,,,,,,,,,,,,,,,,,,,,,,,,,,,,,,,,,,,,,,,,,,,,,,,,,,,,,,,,,,,,,,,,,,,,,,,,,,,,,,,,,,,,,,,,,,,,,,,,,,,,,,,,,,,,,,,,,,,,,,,,,,,,,,,,,,,,,,,,,,,,,,,,,,
MTARTECH.NS,2026-04-07,4000.0000,4067.0000,3810,8449.5000,TRUE,TRUE,4.99%,6.75%,2026-04-07,3926.5000,3.06%,2026-04-08,4140.3999,8.67%,2026-04-09,4158.5000,9.15%,2026-04-10,4173.7998,9.55%,2026-04-13,4397.3999,15.42%,2026-04-15,4941.1001,29.69%,2026-04-16,4824.2002,26.62%,2026-04-17,4857.7998,27.50%,2026-04-20,4942.0000,29.71%,2026-04-21,5071.1001,33.10%,2026-04-22,5279.6001,38.57%,2026-04-23,5347.5000,40.35%,2026-04-24,5139.2002,34.89%,2026-04-27,5303.0000,39.19%,2026-04-28,5292.1001,38.90%,2026-04-29,5656.5000,48.46%,2026-04-30,6457.1001,69.48%,2026-05-01,6457.1001,69.48%,2026-05-04,6127.5000,60.83%,2026-05-05,6266.0000,64.46%,2026-05-06,6286.5000,65.00%,2026-05-07,6677.0000,75.25%,2026-05-08,6470.0000,69.82%,2026-05-11,6520.0000,71.13%,2026-05-12,6248.5000,64.00%,2026-05-13,6763.5000,77.52%,2026-05-14,7588.0000,99.16%,2026-05-15,7234.0000,89.87%,2026-05-18,7110.5000,86.63%,2026-05-19,6810.0000,78.74%,2026-05-20,7457.0000,95.72%,2026-05-21,7947.5000,108.60%,2026-05-22,8075.5000,111.96%,2026-05-25,7951.0000,108.69%,2026-05-26,7878.0000,106.77%,2026-05-27,7889.5000,107.07%,2026-05-28,7889.5000,107.07%,2026-05-29,7879.5000,106.81%,,,,,,,,,,,,,,,,,,,,,,,,,,,,,,,,,,,,,,,,,,,,,,,,,,,,,,,,,,,,,,,,,,,,,,,,,,,,,,,,,,,,,,,,,,,,,,,,,,,,,,,,,,,,,,,,,,,,,,,,,,,,,,,,,,,,,,,,,,,,,,,,,,,,,,,,,,,,,,,,,,,,,,,,,,,,,,,,,,,,,,,,,,,,,,,,,,,,,,,,,,,,,,,,,,,,,,,,,,,,,,,,,,,,,,,,,,,,,,,,,,,,,,,,,,,,,,,,,,,,,,,,,,,,,,,,,,,,,,,,,,,,,,,,,,,,,,,,,,,,,,,,,,,,,,,,,,,,,,,,,,,,,,,,,,,,,,,,,,,,,,,,,,,,,,,,,,,,,,,,,,,,,,,,,,,,,,,,,,,,,,,,,,,,,,,,,,,,,,,,,,,,,,,,,,,,,,,,,,,,,,,,,,,,,,,,,,,,,,,,,,,,,,,,,,,,,,,,,,,,,,,,,,,,,,,,,,,,,,,,,,,,,,,,,,,,,,,,,,,,,,,,,,,,,,,,,,,,,,,,,,,,,,,,,,,,,,,,,,,,,,,,,,,,,,,,,,,,,,,,,,,,,,,,,,,,,,,,,,,,,,,,,,,,,,,,,,,,,,,,,,,,,,,,,,,,,,,,,,,,,,,,,,,,,,,,,,,,,,,,,,
OLECTRA.NS,2026-04-13,1300.0000,1340.0000,1210,1454.0000,TRUE,TRUE,7.44%,10.74%,2026-04-13,1213.1500,0.26%,2026-04-15,1226.5000,1.36%,2026-04-16,1213.8500,0.32%,2026-04-17,1225.1500,1.25%,2026-04-20,1196.9000,-1.08%,2026-04-21,1222.0500,1.00%,2026-04-22,1223.1000,1.08%,2026-04-23,1223.9000,1.15%,2026-04-24,1202.8000,-0.60%,2026-04-27,1237.3500,2.26%,2026-04-28,1286.0000,6.28%,2026-04-29,1256.8500,3.87%,2026-04-30,1245.6000,2.94%,2026-05-01,1245.6000,2.94%,2026-05-04,1249.8000,3.29%,2026-05-05,1245.9000,2.97%,2026-05-06,1273.8000,5.27%,2026-05-07,1269.8000,4.94%,2026-05-08,1340.7000,10.80%,2026-05-11,1370.0000,13.22%,2026-05-12,1270.0000,4.96%,2026-05-13,1280.7000,5.84%,2026-05-14,1265.8000,4.61%,2026-05-15,1237.7000,2.29%,2026-05-18,1204.7000,-0.44%,2026-05-19,1219.6000,0.79%,2026-05-20,1220.8000,0.89%,2026-05-21,1210.7000,0.06%,2026-05-22,1207.7000,-0.19%,2026-05-25,1218.7000,0.72%,2026-05-26,1229.9000,1.64%,2026-05-27,1227.8000,1.47%,2026-05-28,1227.8000,1.47%,2026-05-29,1180.0000,-2.48%,2026-06-01,1230.6000,1.70%,2026-06-02,1285.2000,6.21%,2026-06-03,1321.2000,9.19%,2026-06-04,1321.3000,9.20%,2026-06-05,1290.8000,6.68%,2026-06-08,1240.0000,2.48%,2026-06-09,1300.0000,7.44%,2026-06-10,1276.4000,5.49%,2026-06-11,1252.4000,3.50%,2026-06-12,1296.0000,7.11%,2026-06-15,1275.0000,5.37%,2026-06-16,1270.4000,4.99%,2026-06-17,1354.9000,11.98%,2026-06-18,1446.6000,19.55%,,,,,,,,,,,,,,,,,,,,,,,,,,,,,,,,,,,,,,,,,,,,,,,,,,,,,,,,,,,,,,,,,,,,,,,,,,,,,,,,,,,,,,,,,,,,,,,,,,,,,,,,,,,,,,,,,,,,,,,,,,,,,,,,,,,,,,,,,,,,,,,,,,,,,,,,,,,,,,,,,,,,,,,,,,,,,,,,,,,,,,,,,,,,,,,,,,,,,,,,,,,,,,,,,,,,,,,,,,,,,,,,,,,,,,,,,,,,,,,,,,,,,,,,,,,,,,,,,,,,,,,,,,,,,,,,,,,,,,,,,,,,,,,,,,,,,,,,,,,,,,,,,,,,,,,,,,,,,,,,,,,,,,,,,,,,,,,,,,,,,,,,,,,,,,,,,,,,,,,,,,,,,,,,,,,,,,,,,,,,,,,,,,,,,,,,,,,,,,,,,,,,,,,,,,,,,,,,,,,,,,,,,,,,,,,,,,,,,,,,,,,,,,,,,,,,,,,,,,,,,,,,,,,,,,,,,,,,,,,,,,,,,,,,,,,,,,,,,,,,,,,,,,,,,,,,,,,,,,,,,,,,,,,,,,,,,,,,,,,,,,,,,,,,,,,,,,,,,,,,,,,,,,,,,,,,,,,,,,,,,,,,,,,,,,,,,,,,,,,,,,,,,,,,,,,,
PGEL.NS,2026-04-27,670.0000,680.0000,569,610.5000,FALSE,FALSE,17.75%,19.51%,2026-04-27,564.5000,-0.79%,2026-04-28,563.0500,-1.05%,2026-04-29,550.7500,-3.21%,2026-04-30,534.0000,-6.15%,2026-05-01,534.0000,-6.15%,2026-05-04,534.5000,-6.06%,2026-05-05,532.3500,-6.44%,2026-05-06,544.5000,-4.31%,2026-05-07,535.5000,-5.89%,2026-05-08,530.3500,-6.79%,2026-05-11,510.4000,-10.30%,2026-05-12,493.9000,-13.20%,2026-05-13,495.5000,-12.92%,2026-05-14,491.7500,-13.58%,2026-05-15,487.1000,-14.39%,2026-05-18,458.6000,-19.40%,2026-05-19,466.1500,-18.08%,2026-05-20,461.8500,-18.83%,2026-05-21,464.2500,-18.41%,2026-05-22,467.0000,-17.93%,2026-05-25,471.2500,-17.18%,2026-05-26,466.9500,-17.93%,2026-05-27,476.0500,-16.34%,2026-05-28,476.0500,-16.34%,2026-05-29,482.5500,-15.19%,2026-06-01,470.4000,-17.33%,2026-06-02,480.4000,-15.57%,2026-06-03,471.4500,-17.14%,2026-06-04,492.9000,-13.37%,2026-06-05,485.3500,-14.70%,2026-06-08,470.4000,-17.33%,2026-06-09,479.8000,-15.68%,2026-06-10,465.9000,-18.12%,2026-06-11,459.0000,-19.33%,2026-06-12,483.3000,-15.06%,2026-06-15,492.8000,-13.39%,2026-06-16,527.4500,-7.30%,2026-06-17,545.6500,-4.10%,2026-06-18,564.2500,-0.83%,2026-06-19,560.5000,-1.49%,2026-06-22,567.5000,-0.26%,2026-06-23,562.4000,-1.16%,2026-06-24,553.7500,-2.68%,2026-06-25,545.9000,-4.06%,2026-06-26,545.9000,-4.06%,2026-06-29,536.5000,-5.71%,2026-06-30,533.4000,-6.26%,2026-07-01,550.8000,-3.20%,2026-07-02,561.1000,-1.39%,2026-07-03,562.5000,-1.14%,2026-07-06,570.4000,0.25%,2026-07-07,578.6000,1.69%,2026-07-08,562.7000,-1.11%,2026-07-09,583.7000,2.58%,2026-07-10,583.1500,2.49%,2026-07-13,595.8500,4.72%,2026-07-14,601.1000,5.64%,2026-07-15,599.7500,5.40%,,,,,,,,,,,,,,,,,,,,,,,,,,,,,,,,,,,,,,,,,,,,,,,,,,,,,,,,,,,,,,,,,,,,,,,,,,,,,,,,,,,,,,,,,,,,,,,,,,,,,,,,,,,,,,,,,,,,,,,,,,,,,,,,,,,,,,,,,,,,,,,,,,,,,,,,,,,,,,,,,,,,,,,,,,,,,,,,,,,,,,,,,,,,,,,,,,,,,,,,,,,,,,,,,,,,,,,,,,,,,,,,,,,,,,,,,,,,,,,,,,,,,,,,,,,,,,,,,,,,,,,,,,,,,,,,,,,,,,,,,,,,,,,,,,,,,,,,,,,,,,,,,,,,,,,,,,,,,,,,,,,,,,,,,,,,,,,,,,,,,,,,,,,,,,,,,,,,,,,,,,,,,,,,,,,,,,,,,,,,,,,,,,,,,,,,,,,,,,,,,,,,,,,,,,,,,,,,,,,,,,,,,,,,,,,,,,,,,,,,,,,,,,,,,,,,,,,,,,,,,,,,,,,,,,,,,,,,,,,,,,,,,,,,,,,,,,,,,,,,,,,,,,,,,,,,,,,,,,,,,,,,,,,,,,,,,,,,,,,,,,,,,,,,,,,,,,,,,,,,,,,,,,,,,,,,,,,,,,,,,,
PGIL.NS,2026-06-22,2150.0000,2233.0000,1878,2115.7000,FALSE,FALSE,14.48%,18.90%,2026-06-22,1878.6000,0.03%,2026-06-23,1887.8000,0.52%,2026-06-24,2081.0000,10.81%,2026-06-25,2071.0000,10.28%,2026-06-29,2003.7000,6.69%,2026-06-30,2015.6000,7.33%,2026-07-01,2088.0000,11.18%,2026-07-02,2075.1001,10.50%,2026-07-03,2016.3000,7.36%,2026-07-06,1975.8000,5.21%,2026-07-07,1970.7000,4.94%,2026-07-08,1951.7000,3.92%,2026-07-09,1979.8000,5.42%,2026-07-10,1998.0000,6.39%,2026-07-13,2049.4000,9.13%,2026-07-14,1997.3000,6.35%,2026-07-15,2038.6000,8.55%,,,,,,,,,,,,,,,,,,,,,,,,,,,,,,,,,,,,,,,,,,,,,,,,,,,,,,,,,,,,,,,,,,,,,,,,,,,,,,,,,,,,,,,,,,,,,,,,,,,,,,,,,,,,,,,,,,,,,,,,,,,,,,,,,,,,,,,,,,,,,,,,,,,,,,,,,,,,,,,,,,,,,,,,,,,,,,,,,,,,,,,,,,,,,,,,,,,,,,,,,,,,,,,,,,,,,,,,,,,,,,,,,,,,,,,,,,,,,,,,,,,,,,,,,,,,,,,,,,,,,,,,,,,,,,,,,,,,,,,,,,,,,,,,,,,,,,,,,,,,,,,,,,,,,,,,,,,,,,,,,,,,,,,,,,,,,,,,,,,,,,,,,,,,,,,,,,,,,,,,,,,,,,,,,,,,,,,,,,,,,,,,,,,,,,,,,,,,,,,,,,,,,,,,,,,,,,,,,,,,,,,,,,,,,,,,,,,,,,,,,,,,,,,,,,,,,,,,,,,,,,,,,,,,,,,,,,,,,,,,,,,,,,,,,,,,,,,,,,,,,,,,,,,,,,,,,,,,,,,,,,,,,,,,,,,,,,,,,,,,,,,,,,,,,,,,,,,,,,,,,,,,,,,,,,,,,,,,,,,,,,,,,,,,,,,,,,,,,,,,,,,,,,,,,,,,,,,,,,,,,,,,,,,,,,,,,,,,,,,,,,,,,,,,,,,,,,,,,,,,,,,,,,,,,,,,,,,,,,,,,,,,,,,,,,,,,,,,,,,,,,,,,
SANGHVIMOV.NS,2026-06-09,432.0000,433.0000,388.53,442.6000,TRUE,TRUE,11.19%,11.45%,2026-06-09,391.7000,0.82%,2026-06-10,376.3500,-3.13%,2026-06-11,371.3000,-4.43%,2026-06-12,387.9500,-0.15%,2026-06-15,420.8500,8.32%,2026-06-16,422.0500,8.63%,2026-06-17,416.5000,7.20%,2026-06-18,412.3000,6.12%,2026-06-19,414.7500,6.75%,2026-06-22,436.7000,12.40%,,,,,,,,,,,,,,,,,,,,,,,,,,,,,,,,,,,,,,,,,,,,,,,,,,,,,,,,,,,,,,,,,,,,,,,,,,,,,,,,,,,,,,,,,,,,,,,,,,,,,,,,,,,,,,,,,,,,,,,,,,,,,,,,,,,,,,,,,,,,,,,,,,,,,,,,,,,,,,,,,,,,,,,,,,,,,,,,,,,,,,,,,,,,,,,,,,,,,,,,,,,,,,,,,,,,,,,,,,,,,,,,,,,,,,,,,,,,,,,,,,,,,,,,,,,,,,,,,,,,,,,,,,,,,,,,,,,,,,,,,,,,,,,,,,,,,,,,,,,,,,,,,,,,,,,,,,,,,,,,,,,,,,,,,,,,,,,,,,,,,,,,,,,,,,,,,,,,,,,,,,,,,,,,,,,,,,,,,,,,,,,,,,,,,,,,,,,,,,,,,,,,,,,,,,,,,,,,,,,,,,,,,,,,,,,,,,,,,,,,,,,,,,,,,,,,,,,,,,,,,,,,,,,,,,,,,,,,,,,,,,,,,,,,,,,,,,,,,,,,,,,,,,,,,,,,,,,,,,,,,,,,,,,,,,,,,,,,,,,,,,,,,,,,,,,,,,,,,,,,,,,,,,,,,,,,,,,,,,,,,,,,,,,,,,,,,,,,,,,,,,,,,,,,,,,,,,,,,,,,,,,,,,,,,,,,,,,,,,,,,,,,,,,,,,,,,,,,,,,,,,,,,,,,,,,,,,,,,,,,,,,,,,,,,,,,,,,,,,,,,,,,,,,,,,,,,,,,,,,,,,,,,,
SANGHVIMOV.NS,2026-06-30,500.0000,560.0000,438.75,473.0000,FALSE,FALSE,13.96%,27.64%,2026-06-30,438.4000,-0.08%,2026-07-01,442.0500,0.75%,2026-07-02,454.2500,3.53%,2026-07-03,463.2500,5.58%,2026-07-06,457.3500,4.24%,2026-07-07,449.4500,2.44%,2026-07-08,441.2500,0.57%,2026-07-09,464.2000,5.80%,2026-07-10,459.2500,4.67%,2026-07-13,436.7000,-0.47%,2026-07-14,430.8000,-1.81%,2026-07-15,435.4000,-0.76%,,,,,,,,,,,,,,,,,,,,,,,,,,,,,,,,,,,,,,,,,,,,,,,,,,,,,,,,,,,,,,,,,,,,,,,,,,,,,,,,,,,,,,,,,,,,,,,,,,,,,,,,,,,,,,,,,,,,,,,,,,,,,,,,,,,,,,,,,,,,,,,,,,,,,,,,,,,,,,,,,,,,,,,,,,,,,,,,,,,,,,,,,,,,,,,,,,,,,,,,,,,,,,,,,,,,,,,,,,,,,,,,,,,,,,,,,,,,,,,,,,,,,,,,,,,,,,,,,,,,,,,,,,,,,,,,,,,,,,,,,,,,,,,,,,,,,,,,,,,,,,,,,,,,,,,,,,,,,,,,,,,,,,,,,,,,,,,,,,,,,,,,,,,,,,,,,,,,,,,,,,,,,,,,,,,,,,,,,,,,,,,,,,,,,,,,,,,,,,,,,,,,,,,,,,,,,,,,,,,,,,,,,,,,,,,,,,,,,,,,,,,,,,,,,,,,,,,,,,,,,,,,,,,,,,,,,,,,,,,,,,,,,,,,,,,,,,,,,,,,,,,,,,,,,,,,,,,,,,,,,,,,,,,,,,,,,,,,,,,,,,,,,,,,,,,,,,,,,,,,,,,,,,,,,,,,,,,,,,,,,,,,,,,,,,,,,,,,,,,,,,,,,,,,,,,,,,,,,,,,,,,,,,,,,,,,,,,,,,,,,,,,,,,,,,,,,,,,,,,,,,,,,,,,,,,,,,,,,,,,,,,,,,,,,,,,,,,,,,,,,,,,,,,,,,,,,,,,,,,,
SENORES.NS,2026-05-08,1000.0000,1017.0000,965.55,1194.4000,TRUE,TRUE,3.57%,5.33%,2026-05-08,965.5500,0.00%,2026-05-11,957.8000,-0.80%,2026-05-12,932.9000,-3.38%,2026-05-13,973.7500,0.85%,2026-05-14,954.6500,-1.13%,2026-05-15,1050.3500,8.78%,2026-05-18,1129.5000,16.98%,2026-05-19,1056.5500,9.42%,2026-05-20,1083.7000,12.24%,2026-05-21,1109.3500,14.89%,2026-05-22,1110.9500,15.06%,2026-05-25,1153.6500,19.48%,2026-05-26,1155.1500,19.64%,2026-05-27,1113.3500,15.31%,2026-05-29,1120.6500,16.06%,,,,,,,,,,,,,,,,,,,,,,,,,,,,,,,,,,,,,,,,,,,,,,,,,,,,,,,,,,,,,,,,,,,,,,,,,,,,,,,,,,,,,,,,,,,,,,,,,,,,,,,,,,,,,,,,,,,,,,,,,,,,,,,,,,,,,,,,,,,,,,,,,,,,,,,,,,,,,,,,,,,,,,,,,,,,,,,,,,,,,,,,,,,,,,,,,,,,,,,,,,,,,,,,,,,,,,,,,,,,,,,,,,,,,,,,,,,,,,,,,,,,,,,,,,,,,,,,,,,,,,,,,,,,,,,,,,,,,,,,,,,,,,,,,,,,,,,,,,,,,,,,,,,,,,,,,,,,,,,,,,,,,,,,,,,,,,,,,,,,,,,,,,,,,,,,,,,,,,,,,,,,,,,,,,,,,,,,,,,,,,,,,,,,,,,,,,,,,,,,,,,,,,,,,,,,,,,,,,,,,,,,,,,,,,,,,,,,,,,,,,,,,,,,,,,,,,,,,,,,,,,,,,,,,,,,,,,,,,,,,,,,,,,,,,,,,,,,,,,,,,,,,,,,,,,,,,,,,,,,,,,,,,,,,,,,,,,,,,,,,,,,,,,,,,,,,,,,,,,,,,,,,,,,,,,,,,,,,,,,,,,,,,,,,,,,,,,,,,,,,,,,,,,,,,,,,,,,,,,,,,,,,,,,,,,,,,,,,,,,,,,,,,,,,,,,,,,,,,,,,,,,,,,,,,,,,,,,,,,,,,,,,,,,,,,,,,,,,,,,,,,,,,,,,,,
SENORES.NS,2026-07-14,1520.0000,1590.0000,1449.95,1485.0000,FALSE,FALSE,4.83%,9.66%,2026-07-14,1451.8000,0.13%,2026-07-15,1480.9000,2.13%,,,,,,,,,,,,,,,,,,,,,,,,,,,,,,,,,,,,,,,,,,,,,,,,,,,,,,,,,,,,,,,,,,,,,,,,,,,,,,,,,,,,,,,,,,,,,,,,,,,,,,,,,,,,,,,,,,,,,,,,,,,,,,,,,,,,,,,,,,,,,,,,,,,,,,,,,,,,,,,,,,,,,,,,,,,,,,,,,,,,,,,,,,,,,,,,,,,,,,,,,,,,,,,,,,,,,,,,,,,,,,,,,,,,,,,,,,,,,,,,,,,,,,,,,,,,,,,,,,,,,,,,,,,,,,,,,,,,,,,,,,,,,,,,,,,,,,,,,,,,,,,,,,,,,,,,,,,,,,,,,,,,,,,,,,,,,,,,,,,,,,,,,,,,,,,,,,,,,,,,,,,,,,,,,,,,,,,,,,,,,,,,,,,,,,,,,,,,,,,,,,,,,,,,,,,,,,,,,,,,,,,,,,,,,,,,,,,,,,,,,,,,,,,,,,,,,,,,,,,,,,,,,,,,,,,,,,,,,,,,,,,,,,,,,,,,,,,,,,,,,,,,,,,,,,,,,,,,,,,,,,,,,,,,,,,,,,,,,,,,,,,,,,,,,,,,,,,,,,,,,,,,,,,,,,,,,,,,,,,,,,,,,,,,,,,,,,,,,,,,,,,,,,,,,,,,,,,,,,,,,,,,,,,,,,,,,,,,,,,,,,,,,,,,,,,,,,,,,,,,,,,,,,,,,,,,,,,,,,,,,,,,,,,,,,,,,,,,,,,,,,,,,,,,,,,,,,,,,,,,,,,,,,,,,,,,,,,,,,,,,,,,,,,,,,
SPARC.NS,2026-07-09,316.0000,329.0000,278.15,284.7000,FALSE,FALSE,13.61%,18.28%,2026-07-09,277.5700,-0.21%,2026-07-10,264.6000,-4.87%,2026-07-13,259.4200,-6.73%,2026-07-14,247.8300,-10.90%,2026-07-15,251.0400,-9.75%,,,,,,,,,,,,,,,,,,,,,,,,,,,,,,,,,,,,,,,,,,,,,,,,,,,,,,,,,,,,,,,,,,,,,,,,,,,,,,,,,,,,,,,,,,,,,,,,,,,,,,,,,,,,,,,,,,,,,,,,,,,,,,,,,,,,,,,,,,,,,,,,,,,,,,,,,,,,,,,,,,,,,,,,,,,,,,,,,,,,,,,,,,,,,,,,,,,,,,,,,,,,,,,,,,,,,,,,,,,,,,,,,,,,,,,,,,,,,,,,,,,,,,,,,,,,,,,,,,,,,,,,,,,,,,,,,,,,,,,,,,,,,,,,,,,,,,,,,,,,,,,,,,,,,,,,,,,,,,,,,,,,,,,,,,,,,,,,,,,,,,,,,,,,,,,,,,,,,,,,,,,,,,,,,,,,,,,,,,,,,,,,,,,,,,,,,,,,,,,,,,,,,,,,,,,,,,,,,,,,,,,,,,,,,,,,,,,,,,,,,,,,,,,,,,,,,,,,,,,,,,,,,,,,,,,,,,,,,,,,,,,,,,,,,,,,,,,,,,,,,,,,,,,,,,,,,,,,,,,,,,,,,,,,,,,,,,,,,,,,,,,,,,,,,,,,,,,,,,,,,,,,,,,,,,,,,,,,,,,,,,,,,,,,,,,,,,,,,,,,,,,,,,,,,,,,,,,,,,,,,,,,,,,,,,,,,,,,,,,,,,,,,,,,,,,,,,,,,,,,,,,,,,,,,,,,,,,,,,,,,,,,,,,,,,,,,,,,,,,,,,,,,,,,,,,,,,,,,,,,,,,,,,,,,,,,,,,,,,,,,
SYRMA.NS,2026-06-03,1350.0000,1400.0000,1193.84,1422.0000,TRUE,TRUE,13.08%,17.27%,2026-06-03,1195.3000,0.12%,2026-06-04,1221.6000,2.33%,2026-06-05,1226.8000,2.76%,2026-06-08,1201.2000,0.62%,2026-06-09,1256.8000,5.27%,2026-06-10,1225.8000,2.68%,2026-06-11,1235.6000,3.50%,2026-06-12,1266.7000,6.10%,2026-06-15,1301.1000,8.98%,2026-06-16,1299.3000,8.83%,2026-06-17,1298.3000,8.75%,2026-06-18,1346.8000,12.81%,2026-06-19,1334.0000,11.74%,2026-06-22,1336.2000,11.92%,2026-06-23,1373.0000,15.01%,,,,,,,,,,,,,,,,,,,,,,,,,,,,,,,,,,,,,,,,,,,,,,,,,,,,,,,,,,,,,,,,,,,,,,,,,,,,,,,,,,,,,,,,,,,,,,,,,,,,,,,,,,,,,,,,,,,,,,,,,,,,,,,,,,,,,,,,,,,,,,,,,,,,,,,,,,,,,,,,,,,,,,,,,,,,,,,,,,,,,,,,,,,,,,,,,,,,,,,,,,,,,,,,,,,,,,,,,,,,,,,,,,,,,,,,,,,,,,,,,,,,,,,,,,,,,,,,,,,,,,,,,,,,,,,,,,,,,,,,,,,,,,,,,,,,,,,,,,,,,,,,,,,,,,,,,,,,,,,,,,,,,,,,,,,,,,,,,,,,,,,,,,,,,,,,,,,,,,,,,,,,,,,,,,,,,,,,,,,,,,,,,,,,,,,,,,,,,,,,,,,,,,,,,,,,,,,,,,,,,,,,,,,,,,,,,,,,,,,,,,,,,,,,,,,,,,,,,,,,,,,,,,,,,,,,,,,,,,,,,,,,,,,,,,,,,,,,,,,,,,,,,,,,,,,,,,,,,,,,,,,,,,,,,,,,,,,,,,,,,,,,,,,,,,,,,,,,,,,,,,,,,,,,,,,,,,,,,,,,,,,,,,,,,,,,,,,,,,,,,,,,,,,,,,,,,,,,,,,,,,,,,,,,,,,,,,,,,,,,,,,,,,,,,,,,,,,,,,,,,,,,,,,,,,,,,,,,,,,,,,,,,,,,,,,,,,,,,,,,,,,,,,,,,,,
TARIL.NS,2026-04-02,305.0000,315.0000,275,358.0000,TRUE,TRUE,10.91%,14.55%,2026-04-02,273.1000,-0.69%,2026-04-06,274.4500,-0.20%,2026-04-07,268.4500,-2.38%,2026-04-08,281.5000,2.36%,2026-04-09,277.1500,0.78%,2026-04-10,281.4500,2.35%,2026-04-13,291.2500,5.91%,2026-04-15,308.8500,12.31%,2026-04-16,319.7500,16.27%,2026-04-17,322.3000,17.20%,2026-04-20,321.3500,16.85%,2026-04-21,333.3000,21.20%,2026-04-22,309.6000,12.58%,2026-04-23,319.9000,16.33%,2026-04-24,323.4500,17.62%,2026-04-27,342.6500,24.60%,2026-04-28,337.8000,22.84%,2026-04-29,323.5000,17.64%,2026-04-30,334.2000,21.53%,2026-05-01,334.2000,21.53%,2026-05-04,332.6000,20.95%,2026-05-05,322.1500,17.15%,2026-05-06,312.8500,13.76%,2026-05-07,328.2500,19.36%,2026-05-08,324.6000,18.04%,2026-05-11,313.7500,14.09%,2026-05-12,298.1000,8.40%,2026-05-13,311.8000,13.38%,2026-05-14,304.8000,10.84%,2026-05-15,300.8000,9.38%,2026-05-18,292.4500,6.35%,2026-05-19,297.4000,8.15%,2026-05-20,304.7500,10.82%,2026-05-21,306.0000,11.27%,2026-05-22,310.6000,12.95%,2026-05-25,314.0000,14.18%,2026-05-26,321.0000,16.73%,2026-05-27,322.1000,17.13%,2026-05-29,320.5500,16.56%,,,,,,,,,,,,,,,,,,,,,,,,,,,,,,,,,,,,,,,,,,,,,,,,,,,,,,,,,,,,,,,,,,,,,,,,,,,,,,,,,,,,,,,,,,,,,,,,,,,,,,,,,,,,,,,,,,,,,,,,,,,,,,,,,,,,,,,,,,,,,,,,,,,,,,,,,,,,,,,,,,,,,,,,,,,,,,,,,,,,,,,,,,,,,,,,,,,,,,,,,,,,,,,,,,,,,,,,,,,,,,,,,,,,,,,,,,,,,,,,,,,,,,,,,,,,,,,,,,,,,,,,,,,,,,,,,,,,,,,,,,,,,,,,,,,,,,,,,,,,,,,,,,,,,,,,,,,,,,,,,,,,,,,,,,,,,,,,,,,,,,,,,,,,,,,,,,,,,,,,,,,,,,,,,,,,,,,,,,,,,,,,,,,,,,,,,,,,,,,,,,,,,,,,,,,,,,,,,,,,,,,,,,,,,,,,,,,,,,,,,,,,,,,,,,,,,,,,,,,,,,,,,,,,,,,,,,,,,,,,,,,,,,,,,,,,,,,,,,,,,,,,,,,,,,,,,,,,,,,,,,,,,,,,,,,,,,,,,,,,,,,,,,,,,,,,,,,,,,,,,,,,,,,,,,,,,,,,,,,,,,,,,,,,,,,,,,,,,,,,,,,,,,,,,,,,,,,,,,,,,,,,,,,,,,,,,,,,,,,
TARIL.NS,2026-04-21,380.0000,382.0000,310,372.0000,FALSE,FALSE,22.58%,23.23%,2026-04-21,333.3000,7.52%,2026-04-22,309.6000,-0.13%,2026-04-23,319.9000,3.19%,2026-04-24,323.4500,4.34%,2026-04-27,342.6500,10.53%,2026-04-28,337.8000,8.97%,2026-04-29,323.5000,4.35%,2026-04-30,334.2000,7.81%,2026-05-01,334.2000,7.81%,2026-05-04,332.6000,7.29%,2026-05-05,322.1500,3.92%,2026-05-06,312.8500,0.92%,2026-05-07,328.2500,5.89%,2026-05-08,324.6000,4.71%,2026-05-11,313.7500,1.21%,2026-05-12,298.1000,-3.84%,2026-05-13,311.8000,0.58%,2026-05-14,304.8000,-1.68%,2026-05-15,300.8000,-2.97%,2026-05-18,292.4500,-5.66%,2026-05-19,297.4000,-4.06%,2026-05-20,304.7500,-1.69%,2026-05-21,306.0000,-1.29%,2026-05-22,310.6000,0.19%,2026-05-25,314.0000,1.29%,2026-05-26,321.0000,3.55%,2026-05-27,322.1000,3.90%,2026-05-29,320.5500,3.40%,2026-06-01,311.6000,0.52%,2026-06-02,312.3500,0.76%,2026-06-03,311.7500,0.56%,2026-06-04,317.4000,2.39%,2026-06-05,321.1000,3.58%,2026-06-08,309.6000,-0.13%,2026-06-09,319.5000,3.06%,2026-06-10,309.5000,-0.16%,2026-06-11,300.5000,-3.06%,2026-06-12,315.1000,1.65%,2026-06-15,317.3000,2.35%,2026-06-16,323.3500,4.31%,2026-06-17,325.9000,5.13%,2026-06-18,324.8500,4.79%,2026-06-19,357.5500,15.34%,2026-06-22,351.5000,13.39%,2026-06-23,345.0500,11.31%,2026-06-24,340.6500,9.89%,2026-06-25,334.4500,7.89%,2026-06-26,334.4500,7.89%,2026-06-29,332.8000,7.35%,2026-06-30,351.3500,13.34%,2026-07-01,358.9500,15.79%,2026-07-02,357.2500,15.24%,2026-07-03,336.7500,8.63%,2026-07-06,341.2500,10.08%,2026-07-07,333.9000,7.71%,2026-07-08,322.3000,3.97%,2026-07-09,334.8000,8.00%,2026-07-10,344.7500,11.21%,2026-07-13,347.3000,12.03%,2026-07-14,337.0000,8.71%,2026-07-15,337.2500,8.79%,,,,,,,,,,,,,,,,,,,,,,,,,,,,,,,,,,,,,,,,,,,,,,,,,,,,,,,,,,,,,,,,,,,,,,,,,,,,,,,,,,,,,,,,,,,,,,,,,,,,,,,,,,,,,,,,,,,,,,,,,,,,,,,,,,,,,,,,,,,,,,,,,,,,,,,,,,,,,,,,,,,,,,,,,,,,,,,,,,,,,,,,,,,,,,,,,,,,,,,,,,,,,,,,,,,,,,,,,,,,,,,,,,,,,,,,,,,,,,,,,,,,,,,,,,,,,,,,,,,,,,,,,,,,,,,,,,,,,,,,,,,,,,,,,,,,,,,,,,,,,,,,,,,,,,,,,,,,,,,,,,,,,,,,,,,,,,,,,,,,,,,,,,,,,,,,,,,,,,,,,,,,,,,,,,,,,,,,,,,,,,,,,,,,,,,,,,,,,,,,,,,,,,,,,,,,,,,,,,,,,,,,,,,,,,,,,,,,,,,,,,,,,,,,,,,,,,,,,,,,,,,,,,,,,,,,,,,,,,,,,,,,,,,,,,,,,,,,,,,,,,,,,,,,,,,,,,,,,,,,,,,,,,,,,,,,,,,,,,,,,,,,,,,,,,,,,,,,,,,,,,,,,,,,,,,,,
TDPOWERSYS.NS,2026-04-09,940.0000,960.0000,895,1379.6000,TRUE,TRUE,5.03%,7.26%,2026-04-09,877.5000,-1.96%,2026-04-10,926.6000,3.53%,2026-04-13,915.5500,2.30%,2026-04-15,941.9000,5.24%,2026-04-16,970.7500,8.46%,2026-04-17,996.9000,11.39%,2026-04-20,1030.7000,15.16%,2026-04-21,1017.4500,13.68%,2026-04-22,1062.7000,18.74%,2026-04-23,1070.4500,19.60%,2026-04-24,1112.8500,24.34%,2026-04-27,1089.8000,21.77%,2026-04-28,1145.5500,27.99%,2026-04-29,1146.5000,28.10%,2026-04-30,1152.7000,28.79%,2026-05-01,1152.7000,28.79%,2026-05-04,1162.5000,29.89%,2026-05-05,1176.8000,31.49%,2026-05-06,1164.2000,30.08%,2026-05-07,1245.3000,39.14%,2026-05-08,1219.6000,36.27%,2026-05-11,1178.7000,31.70%,2026-05-12,1166.9000,30.38%,2026-05-13,1175.9000,31.39%,2026-05-14,1184.0000,32.29%,2026-05-15,1311.3000,46.51%,2026-05-18,1328.0000,48.38%,2026-05-19,1256.3000,40.37%,2026-05-20,1231.2000,37.56%,2026-05-21,1302.1000,45.49%,2026-05-22,1295.0000,44.69%,2026-05-25,1301.8000,45.45%,2026-05-26,1367.2000,52.76%,2026-05-27,1331.5000,48.77%,2026-05-28,1331.5000,48.77%,2026-05-29,1318.6000,47.33%,,,,,,,,,,,,,,,,,,,,,,,,,,,,,,,,,,,,,,,,,,,,,,,,,,,,,,,,,,,,,,,,,,,,,,,,,,,,,,,,,,,,,,,,,,,,,,,,,,,,,,,,,,,,,,,,,,,,,,,,,,,,,,,,,,,,,,,,,,,,,,,,,,,,,,,,,,,,,,,,,,,,,,,,,,,,,,,,,,,,,,,,,,,,,,,,,,,,,,,,,,,,,,,,,,,,,,,,,,,,,,,,,,,,,,,,,,,,,,,,,,,,,,,,,,,,,,,,,,,,,,,,,,,,,,,,,,,,,,,,,,,,,,,,,,,,,,,,,,,,,,,,,,,,,,,,,,,,,,,,,,,,,,,,,,,,,,,,,,,,,,,,,,,,,,,,,,,,,,,,,,,,,,,,,,,,,,,,,,,,,,,,,,,,,,,,,,,,,,,,,,,,,,,,,,,,,,,,,,,,,,,,,,,,,,,,,,,,,,,,,,,,,,,,,,,,,,,,,,,,,,,,,,,,,,,,,,,,,,,,,,,,,,,,,,,,,,,,,,,,,,,,,,,,,,,,,,,,,,,,,,,,,,,,,,,,,,,,,,,,,,,,,,,,,,,,,,,,,,,,,,,,,,,,,,,,,,,,,,,,,,,,,,,,,,,,,,,,,,,,,,,,,,,,,,,,,,,,,,,,,,,,,,,,,,,,,,,,,,,,,,,,,,,,
TITAGARH.NS,2026-06-18,1050.0000,1093.0000,948.46,971.0000,FALSE,FALSE,10.71%,15.24%,2026-06-18,932.6000,-1.67%,2026-06-19,922.4500,-2.74%,2026-06-22,920.6000,-2.94%,2026-06-23,907.9500,-4.27%,2026-06-24,922.1500,-2.77%,2026-06-25,888.4500,-6.33%,2026-06-29,878.3500,-7.39%,2026-06-30,880.7000,-7.14%,2026-07-01,890.7000,-6.09%,2026-07-02,883.6000,-6.84%,2026-07-03,877.2500,-7.51%,2026-07-06,868.3000,-8.45%,2026-07-07,851.3500,-10.24%,2026-07-08,817.0500,-13.86%,2026-07-09,827.8000,-12.72%,2026-07-10,835.8000,-11.88%,2026-07-13,849.3000,-10.45%,2026-07-14,858.7000,-9.46%,2026-07-15,879.1000,-7.31%,,,,,,,,,,,,,,,,,,,,,,,,,,,,,,,,,,,,,,,,,,,,,,,,,,,,,,,,,,,,,,,,,,,,,,,,,,,,,,,,,,,,,,,,,,,,,,,,,,,,,,,,,,,,,,,,,,,,,,,,,,,,,,,,,,,,,,,,,,,,,,,,,,,,,,,,,,,,,,,,,,,,,,,,,,,,,,,,,,,,,,,,,,,,,,,,,,,,,,,,,,,,,,,,,,,,,,,,,,,,,,,,,,,,,,,,,,,,,,,,,,,,,,,,,,,,,,,,,,,,,,,,,,,,,,,,,,,,,,,,,,,,,,,,,,,,,,,,,,,,,,,,,,,,,,,,,,,,,,,,,,,,,,,,,,,,,,,,,,,,,,,,,,,,,,,,,,,,,,,,,,,,,,,,,,,,,,,,,,,,,,,,,,,,,,,,,,,,,,,,,,,,,,,,,,,,,,,,,,,,,,,,,,,,,,,,,,,,,,,,,,,,,,,,,,,,,,,,,,,,,,,,,,,,,,,,,,,,,,,,,,,,,,,,,,,,,,,,,,,,,,,,,,,,,,,,,,,,,,,,,,,,,,,,,,,,,,,,,,,,,,,,,,,,,,,,,,,,,,,,,,,,,,,,,,,,,,,,,,,,,,,,,,,,,,,,,,,,,,,,,,,,,,,,,,,,,,,,,,,,,,,,,,,,,,,,,,,,,,,,,,,,,,,,,,,,,,,,,,,,,,,,,,,,,,,,,,,,,,,,,,,,,,,,,,,,,,,,,,,
TRANSRAILL.NS,2026-04-28,660.0000,662.0000,612,624.4000,FALSE,FALSE,7.84%,8.17%,2026-04-28,612.9500,0.16%,2026-04-29,608.4000,-0.59%,2026-04-30,598.9500,-2.13%,2026-05-01,598.9500,-2.13%,2026-05-04,602.1500,-1.61%,2026-05-05,587.9000,-3.94%,2026-05-06,586.8000,-4.12%,2026-05-07,586.5000,-4.17%,2026-05-08,566.8000,-7.39%,2026-05-11,548.3500,-10.40%,2026-05-12,531.3500,-13.18%,2026-05-13,527.4500,-13.82%,2026-05-14,523.9000,-14.40%,2026-05-15,513.3500,-16.12%,2026-05-18,503.2500,-17.77%,2026-05-19,496.8000,-18.82%,2026-05-20,496.1000,-18.94%,2026-05-21,500.0000,-18.30%,2026-05-22,507.2500,-17.12%,2026-05-25,510.4500,-16.59%,2026-05-26,519.1000,-15.18%,2026-05-27,491.6500,-19.67%,2026-05-28,491.6500,-19.67%,2026-05-29,479.5000,-21.65%,2026-06-01,485.0500,-20.74%,2026-06-02,488.2000,-20.23%,2026-06-03,494.8000,-19.15%,2026-06-04,499.2500,-18.42%,2026-06-05,493.2500,-19.40%,2026-06-08,480.7000,-21.45%,2026-06-09,483.0500,-21.07%,2026-06-10,478.2500,-21.85%,2026-06-11,466.5000,-23.77%,2026-06-12,478.1000,-21.88%,2026-06-15,499.0500,-18.46%,2026-06-16,496.5000,-18.87%,2026-06-17,498.1000,-18.61%,2026-06-18,496.4500,-18.88%,2026-06-19,507.7000,-17.04%,2026-06-22,517.9500,-15.37%,2026-06-23,509.8500,-16.69%,2026-06-24,518.2000,-15.33%,2026-06-25,511.9500,-16.35%,2026-06-26,511.9500,-16.35%,2026-06-29,518.1000,-15.34%,2026-06-30,512.0000,-16.34%,2026-07-01,517.6000,-15.42%,2026-07-02,522.5500,-14.62%,2026-07-03,518.7500,-15.24%,2026-07-06,520.2000,-15.00%,2026-07-07,506.1500,-17.30%,2026-07-08,487.3000,-20.38%,2026-07-09,505.5500,-17.39%,2026-07-10,508.0500,-16.99%,2026-07-13,506.4000,-17.25%,2026-07-14,498.6000,-18.53%,2026-07-15,499.0000,-18.46%,,,,,,,,,,,,,,,,,,,,,,,,,,,,,,,,,,,,,,,,,,,,,,,,,,,,,,,,,,,,,,,,,,,,,,,,,,,,,,,,,,,,,,,,,,,,,,,,,,,,,,,,,,,,,,,,,,,,,,,,,,,,,,,,,,,,,,,,,,,,,,,,,,,,,,,,,,,,,,,,,,,,,,,,,,,,,,,,,,,,,,,,,,,,,,,,,,,,,,,,,,,,,,,,,,,,,,,,,,,,,,,,,,,,,,,,,,,,,,,,,,,,,,,,,,,,,,,,,,,,,,,,,,,,,,,,,,,,,,,,,,,,,,,,,,,,,,,,,,,,,,,,,,,,,,,,,,,,,,,,,,,,,,,,,,,,,,,,,,,,,,,,,,,,,,,,,,,,,,,,,,,,,,,,,,,,,,,,,,,,,,,,,,,,,,,,,,,,,,,,,,,,,,,,,,,,,,,,,,,,,,,,,,,,,,,,,,,,,,,,,,,,,,,,,,,,,,,,,,,,,,,,,,,,,,,,,,,,,,,,,,,,,,,,,,,,,,,,,,,,,,,,,,,,,,,,,,,,,,,,,,,,,,,,,,,,,,,,,,,,,,,,,,,,,,,,,,,,,,,,,,,,,,,,,,,,,,,,,,,,,,,,,
WABAG.NS,2026-04-15,1550.0000,1617.0000,1385,1778.0000,TRUE,TRUE,11.91%,16.75%,2026-04-15,1373.4000,-0.84%,2026-04-16,1440.4000,4.00%,2026-04-17,1389.5000,0.32%,2026-04-20,1423.3000,2.77%,2026-04-21,1487.1000,7.37%,2026-04-22,1488.4000,7.47%,2026-04-23,1464.8000,5.76%,2026-04-24,1493.3000,7.82%,2026-04-27,1500.0000,8.30%,2026-04-28,1510.8000,9.08%,2026-04-29,1483.8000,7.13%,2026-04-30,1509.6000,9.00%,2026-05-01,1509.6000,9.00%,2026-05-04,1510.4000,9.05%,2026-05-05,1480.4000,6.89%,2026-05-06,1499.4000,8.26%,2026-05-07,1499.5000,8.27%,2026-05-08,1478.0000,6.71%,2026-05-11,1461.9000,5.55%,2026-05-12,1374.7000,-0.74%,2026-05-13,1377.9000,-0.51%,2026-05-14,1390.8000,0.42%,2026-05-15,1386.1000,0.08%,2026-05-18,1376.0000,-0.65%,2026-05-19,1391.2000,0.45%,2026-05-20,1393.7000,0.63%,2026-05-21,1410.5000,1.84%,2026-05-22,1431.4000,3.35%,2026-05-25,1452.8000,4.90%,2026-05-26,1506.3000,8.76%,2026-05-27,1547.0000,11.70%,2026-05-28,1547.0000,11.70%,2026-05-29,1527.8000,10.31%,2026-06-01,1556.0000,12.35%,2026-06-02,1551.8000,12.04%,2026-06-03,1557.9000,12.48%,2026-06-04,1560.6000,12.68%,2026-06-05,1600.4000,15.55%,2026-06-08,1544.3000,11.50%,2026-06-09,1586.3000,14.53%,2026-06-10,1550.0000,11.91%,2026-06-11,1524.0000,10.04%,2026-06-12,1577.8000,13.92%,2026-06-15,1629.1000,17.62%,2026-06-16,1754.3000,26.66%,2026-06-17,1766.5000,27.55%,,,,,,,,,,,,,,,,,,,,,,,,,,,,,,,,,,,,,,,,,,,,,,,,,,,,,,,,,,,,,,,,,,,,,,,,,,,,,,,,,,,,,,,,,,,,,,,,,,,,,,,,,,,,,,,,,,,,,,,,,,,,,,,,,,,,,,,,,,,,,,,,,,,,,,,,,,,,,,,,,,,,,,,,,,,,,,,,,,,,,,,,,,,,,,,,,,,,,,,,,,,,,,,,,,,,,,,,,,,,,,,,,,,,,,,,,,,,,,,,,,,,,,,,,,,,,,,,,,,,,,,,,,,,,,,,,,,,,,,,,,,,,,,,,,,,,,,,,,,,,,,,,,,,,,,,,,,,,,,,,,,,,,,,,,,,,,,,,,,,,,,,,,,,,,,,,,,,,,,,,,,,,,,,,,,,,,,,,,,,,,,,,,,,,,,,,,,,,,,,,,,,,,,,,,,,,,,,,,,,,,,,,,,,,,,,,,,,,,,,,,,,,,,,,,,,,,,,,,,,,,,,,,,,,,,,,,,,,,,,,,,,,,,,,,,,,,,,,,,,,,,,,,,,,,,,,,,,,,,,,,,,,,,,,,,,,,,,,,,,,,,,,,,,,,,,,,,,,,,,,,,,,,,,,,,,,,,,,,,,,,,,,,,,,,,,,,,,,,,,,,,,,,,,,,,,,,,,,,
WALCHANNAG.NS,2026-05-26,288.0000,294.0000,272.81,310.9500,TRUE,TRUE,5.57%,7.77%,2026-05-26,265.2700,-2.76%,2026-05-27,264.7400,-2.96%,2026-05-28,264.7400,-2.96%,2026-05-29,253.3600,-7.13%,2026-06-01,236.9000,-13.16%,2026-06-02,238.7500,-12.48%,2026-06-03,238.2500,-12.67%,2026-06-04,240.7000,-11.77%,2026-06-05,241.7500,-11.39%,2026-06-08,239.6000,-12.17%,2026-06-09,254.7000,-6.64%,2026-06-10,243.2500,-10.84%,2026-06-11,243.0000,-10.93%,2026-06-12,265.4500,-2.70%,2026-06-15,261.8000,-4.04%,2026-06-16,264.9500,-2.88%,2026-06-17,280.0500,2.65%,2026-06-18,301.3500,10.46%,,,,,,,,,,,,,,,,,,,,,,,,,,,,,,,,,,,,,,,,,,,,,,,,,,,,,,,,,,,,,,,,,,,,,,,,,,,,,,,,,,,,,,,,,,,,,,,,,,,,,,,,,,,,,,,,,,,,,,,,,,,,,,,,,,,,,,,,,,,,,,,,,,,,,,,,,,,,,,,,,,,,,,,,,,,,,,,,,,,,,,,,,,,,,,,,,,,,,,,,,,,,,,,,,,,,,,,,,,,,,,,,,,,,,,,,,,,,,,,,,,,,,,,,,,,,,,,,,,,,,,,,,,,,,,,,,,,,,,,,,,,,,,,,,,,,,,,,,,,,,,,,,,,,,,,,,,,,,,,,,,,,,,,,,,,,,,,,,,,,,,,,,,,,,,,,,,,,,,,,,,,,,,,,,,,,,,,,,,,,,,,,,,,,,,,,,,,,,,,,,,,,,,,,,,,,,,,,,,,,,,,,,,,,,,,,,,,,,,,,,,,,,,,,,,,,,,,,,,,,,,,,,,,,,,,,,,,,,,,,,,,,,,,,,,,,,,,,,,,,,,,,,,,,,,,,,,,,,,,,,,,,,,,,,,,,,,,,,,,,,,,,,,,,,,,,,,,,,,,,,,,,,,,,,,,,,,,,,,,,,,,,,,,,,,,,,,,,,,,,,,,,,,,,,,,,,,,,,,,,,,,,,,,,,,,,,,,,,,,,,,,,,,,,,,,,,,,,,,,,,,,,,,,,,,,,,,,,,,,,,,,,,,,,,,,,,,,,,,,,,,
WELCORP.NS,2026-04-07,950.0000,950.0000,885,1394.8000,TRUE,TRUE,7.34%,7.34%,2026-04-07,879.1500,-0.66%,2026-04-08,937.0500,5.88%,2026-04-09,949.6500,7.31%,2026-04-10,961.8000,8.68%,2026-04-13,1005.5000,13.62%,2026-04-15,1052.6500,18.94%,2026-04-16,1077.1000,21.71%,2026-04-17,1077.1500,21.71%,2026-04-20,1076.6500,21.66%,2026-04-21,1100.6000,24.36%,2026-04-22,1139.2000,28.72%,2026-04-23,1204.1000,36.06%,2026-04-24,1207.4500,36.44%,2026-04-27,1212.4500,37.00%,2026-04-28,1226.4000,38.58%,2026-04-29,1267.3000,43.20%,2026-04-30,1266.7500,43.14%,2026-05-01,1266.7500,43.14%,2026-05-04,1238.9000,39.99%,2026-05-05,1254.0000,41.69%,2026-05-06,1284.7000,45.16%,2026-05-07,1299.2000,46.80%,2026-05-08,1291.9000,45.98%,2026-05-11,1329.3000,50.20%,2026-05-12,1319.4000,49.08%,2026-05-13,1352.8000,52.86%,2026-05-14,1367.5000,54.52%,2026-05-15,1309.0000,47.91%,2026-05-18,1297.9000,46.66%,2026-05-19,1280.7000,44.71%,2026-05-20,1316.7000,48.78%,2026-05-21,1330.2000,50.31%,2026-05-22,1277.5000,44.35%,2026-05-25,1297.6000,46.62%,2026-05-26,1319.0000,49.04%,2026-05-27,1372.9000,55.13%,2026-05-29,1376.9000,55.58%,,,,,,,,,,,,,,,,,,,,,,,,,,,,,,,,,,,,,,,,,,,,,,,,,,,,,,,,,,,,,,,,,,,,,,,,,,,,,,,,,,,,,,,,,,,,,,,,,,,,,,,,,,,,,,,,,,,,,,,,,,,,,,,,,,,,,,,,,,,,,,,,,,,,,,,,,,,,,,,,,,,,,,,,,,,,,,,,,,,,,,,,,,,,,,,,,,,,,,,,,,,,,,,,,,,,,,,,,,,,,,,,,,,,,,,,,,,,,,,,,,,,,,,,,,,,,,,,,,,,,,,,,,,,,,,,,,,,,,,,,,,,,,,,,,,,,,,,,,,,,,,,,,,,,,,,,,,,,,,,,,,,,,,,,,,,,,,,,,,,,,,,,,,,,,,,,,,,,,,,,,,,,,,,,,,,,,,,,,,,,,,,,,,,,,,,,,,,,,,,,,,,,,,,,,,,,,,,,,,,,,,,,,,,,,,,,,,,,,,,,,,,,,,,,,,,,,,,,,,,,,,,,,,,,,,,,,,,,,,,,,,,,,,,,,,,,,,,,,,,,,,,,,,,,,,,,,,,,,,,,,,,,,,,,,,,,,,,,,,,,,,,,,,,,,,,,,,,,,,,,,,,,,,,,,,,,,,,,,,,,,,,,,,,,,,,,,,,,,,,,,,,,,,,,,,,,,,,,,,,,,,,,,,,,,,,,,,,,,,,,,,,,
ZYDUSLIFE.NS,2026-06-23,1220.0000,1300.0000,1118,1181.5000,FALSE,FALSE,9.12%,16.28%,2026-06-23,1112.2000,-0.52%,2026-06-24,1099.3000,-1.88%,2026-06-25,1101.4000,-1.70%,2026-06-26,1101.4000,-1.70%,2026-06-29,1121.3000,0.08%,2026-06-30,1112.6000,-0.70%,2026-07-01,1109.2000,-1.00%,2026-07-02,1099.8000,-1.84%,2026-07-03,1140.6000,1.80%,2026-07-06,1147.9000,2.45%,2026-07-07,1153.0000,2.91%,2026-07-08,1148.0000,2.46%,2026-07-09,1159.0000,3.45%,2026-07-10,1150.8000,2.71%,2026-07-13,1131.3000,0.97%,2026-07-14,1133.6000,1.18%,2026-07-15,1156.9000,3.26%,,,,,,,,,,,,,,,,,,,,,,,,,,,,,,,,,,,,,,,,,,,,,,,,,,,,,,,,,,,,,,,,,,,,,,,,,,,,,,,,,,,,,,,,,,,,,,,,,,,,,,,,,,,,,,,,,,,,,,,,,,,,,,,,,,,,,,,,,,,,,,,,,,,,,,,,,,,,,,,,,,,,,,,,,,,,,,,,,,,,,,,,,,,,,,,,,,,,,,,,,,,,,,,,,,,,,,,,,,,,,,,,,,,,,,,,,,,,,,,,,,,,,,,,,,,,,,,,,,,,,,,,,,,,,,,,,,,,,,,,,,,,,,,,,,,,,,,,,,,,,,,,,,,,,,,,,,,,,,,,,,,,,,,,,,,,,,,,,,,,,,,,,,,,,,,,,,,,,,,,,,,,,,,,,,,,,,,,,,,,,,,,,,,,,,,,,,,,,,,,,,,,,,,,,,,,,,,,,,,,,,,,,,,,,,,,,,,,,,,,,,,,,,,,,,,,,,,,,,,,,,,,,,,,,,,,,,,,,,,,,,,,,,,,,,,,,,,,,,,,,,,,,,,,,,,,,,,,,,,,,,,,,,,,,,,,,,,,,,,,,,,,,,,,,,,,,,,,,,,,,,,,,,,,,,,,,,,,,,,,,,,,,,,,,,,,,,,,,,,,,,,,,,,,,,,,,,,,,,,,,,,,,,,,,,,,,,,,,,,,,,,,,,,,,,,,,,,,,,,,,,,,,,,,,,,,,,,,,,,,,,,,,,,,,,,,,,,,,,,,,,,,,
